"site","ore","passage_length","azimuth","entrance_height","entrance_width","levels","shafts","external_ta","internal_ta","internal_rh","month","day","year","disturbance","total_bats","estimate_or_count","myotis_count","myotis_identified","mylu","myse","epsu","pips"
"Adventure Adit/ Rock Fall","Copper","306","27","4","6","1",0,NA,"43.9-44.5",NA,"40239",NA,NA,"Low","1230","C","1227",0,NA,NA,2,"1"
"Adventure Adit/ Rock Fall",NA,NA,NA,NA,NA,NA,NA,"40","46.4","93.5","40975",NA,NA,NA,"1277","C","1276",144,130,14,1,"0"
"Adventure Adit/ Rock Fall",NA,NA,NA,NA,NA,NA,NA,NA,NA,NA,"42116",NA,NA,NA,"1157","c","1157",0,NA,NA,0,"0"
"Adventure Adit/ Rock Fall",NA,NA,NA,NA,NA,NA,NA,NA,"44.6","93.3","43818",NA,NA,NA,"23",NA,"22",22,21,1,1,"0"
"Adventure Adit/ Rock Fall",NA,NA,NA,NA,NA,NA,NA,NA,NA,NA,"44664",NA,NA,NA,"42",NA,"42",42,42,0,0,"0"
"Adventure Adit/ Rock Fall",NA,NA,NA,NA,NA,NA,NA,NA,NA,NA,"45030",NA,NA,NA,"26",NA,"26",26,26,0,0,"0"
"Adventure Mine","Copper","8829","165","6","5","2",1,NA,"38-48",NA,"39857",NA,NA,"Low","8616","C","8330",0,NA,NA,281,"5"
"Adventure Mine",NA,NA,NA,NA,NA,NA,NA,NA,NA,NA,"40604",NA,NA,NA,"23870","C","23534",0,NA,NA,331,"5"
"Adventure Mine",NA,NA,NA,NA,NA,NA,NA,"29","46.4","100","40976",NA,NA,NA,NA,NA,NA,206,189,17,NA,"2"
"Adventure Mine",NA,NA,NA,NA,NA,NA,NA,NA,NA,NA,"41244",NA,NA,NA,"33145","C","32733",0,NA,NA,408,"4"
"Adventure Mine",NA,NA,NA,NA,NA,NA,NA,NA,"46.4",NA,"42422",NA,NA,NA,"20854","c","20373",1016,1003,3,453,"9"
"Adventure Mine",NA,NA,NA,NA,NA,NA,NA,NA,"46.4","96.7","43819",NA,NA,NA,"1283",NA,"876",112,112,0,407,"0"
"Adventure Mine",NA,NA,NA,NA,NA,NA,NA,NA,"-3.9to6.7(2nd level)",NA,"45376",NA,NA,NA,"2110","c","1413",186,186,0,696,"1"
"Adventure Shaft","Copper","330","330","8","20","1",1,NA,"44-45","100","39878",NA,NA,"Low","2523","C","2516",0,NA,NA,7,"0"
"Agency Place Mine","Copper","54","180","3","4","1",0,"31.5","44.2",NA,"39025",NA,NA,"Low","75","C","75",21,13,8,0,"0"
"Agency Place Mine",NA,NA,NA,NA,NA,NA,NA,"23","39.200000000000003","92.4","40966",NA,NA,NA,"54","C","54",26,18,8,0,"0"
"Agency Place Mine",NA,NA,NA,NA,NA,NA,NA,"24.8","39.200000000000003",NA,"42366",NA,NA,NA,"8","c","8",8,7,1,0,"0"
"Agency Place Mine",NA,NA,NA,NA,NA,NA,NA,"10",NA,NA,"43097",NA,NA,NA,"0","e","0",0,0,0,0,"0"
"Agency Place Mine",NA,NA,NA,NA,NA,NA,NA,NA,NA,NA,"43847",NA,NA,NA,"3",NA,"3",3,3,0,0,"0"
"Algonquin Adit #1","Copper","30","245","3","5","1",0,"16.899999999999999","33","88","36510",NA,NA,"Low","0","C","0",0,NA,NA,0,"0"
"Algonquin Adit #2",NA,NA,NA,NA,NA,NA,NA,"17","33.799999999999997","100","40977",NA,NA,NA,"0","C","0",0,NA,NA,0,"0"
"Algonquin Adit #2 (Mark's Adit)","Copper","70","145","3","5","1",0,NA,NA,NA,"36521",NA,NA,"Low","0","C","0",0,NA,NA,0,"0"
"Algonquin Adit #2 (Mark's Adit)",NA,NA,NA,NA,NA,NA,NA,"29.3","44.6","100","40898",NA,NA,NA,"83","C","83",0,NA,NA,0,"0"
"Algonquin Adit #2 (Mark's Adit)",NA,NA,NA,NA,NA,NA,NA,"44","45.5","93.4","43450",NA,NA,NA,"5",NA,"5",5,5,0,0,"0"
"Algonquin Adit #2 (Mark's Adit)",NA,NA,NA,NA,NA,NA,NA,NA,"3.8-3.9",NA,"45323",NA,NA,NA,"9","c","9",9,9,0,0,"0"
"Algonquin Adit #3","Copper","5","235","5","4","1",0,NA,NA,NA,"36521",NA,NA,"Low","0","C","0",0,NA,NA,0,"0"
"Algonquin Adit #4",NA,NA,NA,NA,NA,NA,NA,"29.3","31.1",NA,"40898",NA,NA,NA,"0","C","0",0,NA,NA,0,"0"
"Arch Cave","Limestone","8",NA,NA,NA,NA,0,NA,NA,NA,"40253",NA,NA,"High","0","C","0",0,NA,NA,0,"0"
"Aztec East Adit","Copper","64","80","5","7","1",NA,NA,"42.8","100","35864",NA,NA,"Medium","1","C","1",1,1,NA,0,"0"
"Aztec East Adit",NA,NA,NA,NA,NA,NA,NA,"27","44.6","100","40899",NA,NA,NA,"1","C","1",0,NA,NA,0,"0"
"Aztec East Adit",NA,NA,NA,NA,NA,NA,NA,NA,"43.7",NA,"43098",NA,NA,NA,"0",NA,NA,NA,0,0,0,"0"
"Aztec East Adit",NA,NA,NA,NA,NA,NA,NA,NA,"3.7",NA,"45412",NA,NA,NA,"0",NA,NA,NA,NA,NA,NA,NA
"Aztec Mine","Copper","239","95","6","8","1",1,"19.100000000000001","33.6-36","88","35864",NA,NA,"Medium","11","C","11",11,2,9,0,"0"
"Aztec Mine",NA,NA,NA,NA,NA,NA,NA,NA,"37.4","67","36911",NA,NA,NA,"7","C","2",0,NA,NA,5,"0"
"Aztec Mine",NA,NA,NA,NA,NA,NA,NA,"25.7","35.6","87.7-91.7","40966",NA,NA,NA,"2","C","2",2,0,2,0,"0"
"Aztec Mine",NA,NA,NA,NA,NA,NA,NA,NA,"32.9",NA,"43098",NA,NA,NA,"1",NA,NA,NA,0,0,1,"0"
"Aztec Mine",NA,NA,NA,NA,NA,NA,NA,NA,"2.6-4.5",NA,"45412",NA,NA,NA,"0",NA,NA,NA,NA,NA,NA,NA
"Aztec New Opening","Copper",NA,"25",NA,NA,NA,NA,NA,NA,NA,"40899",NA,NA,NA,"?",NA,NA,NA,NA,NA,0,"0"
"Aztec New Opening",NA,NA,NA,NA,NA,NA,NA,NA,NA,"3.1","45412",NA,NA,NA,"0",NA,NA,NA,NA,NA,NA,NA
"Aztec Upper Drift","Copper","50","95","5","7","1",0,NA,"32","88","35864",NA,NA,"Medium","0","C","0",0,NA,NA,0,"0"
"Aztec Upper Drift",NA,NA,NA,NA,NA,NA,NA,"25.7","35.6","91.4","40966",NA,NA,NA,"0","C","0",0,NA,NA,0,"0"
"Aztec Upper Drift",NA,NA,NA,NA,NA,NA,NA,NA,"28.4",NA,"43098",NA,NA,NA,"0",NA,NA,NA,0,0,0,"0"
"Aztec Upper Drift",NA,NA,NA,NA,NA,NA,NA,NA,"3.7",NA,"45412",NA,NA,NA,"0",NA,NA,NA,NA,NA,NA,NA
"B-95 (cave)","Dolomite","30",NA,NA,NA,NA,0,NA,NA,NA,"43090",NA,NA,"Low","0",NA,"0",0,0,0,0,"0"
"B-95 (cave)",NA,NA,NA,NA,NA,NA,NA,"29",NA,NA,"43421",NA,NA,NA,"0",NA,"0",0,0,0,0,"0"
"Bad Breath Cave","Limestone","?",NA,NA,NA,"1",0,NA,NA,NA,"40257",NA,NA,"Low","0","E","0",0,NA,NA,0,"0"
"Bate's Mine","Iron","75-100","NA",NA,NA,"0",1,NA,NA,NA,"38414",NA,NA,"Low","0","C","0",0,NA,NA,0,"0"
"Bear Cave","Tufa","200",NA,"1","2","1",0,NA,"48-50",NA,"38706",NA,NA,"Low","52","C","19",0,NA,NA,1,"32"
"Bear Cave",NA,NA,NA,NA,NA,NA,NA,"30-32","44-49","100","41351",NA,NA,NA,"29","C","4",2,1,1,0,"25"
"Bear Cave",NA,NA,NA,NA,NA,NA,NA,NA,"37.4-48.2",NA,"41687",NA,NA,NA,"23","C","5",2,0,2,0,"18"
"Bear Cave",NA,NA,NA,NA,NA,NA,NA,NA,"45.5-46.7",NA,"42083",NA,NA,NA,"20","c","1",1,0,1,0,"19"
"Bear Cave",NA,NA,NA,NA,NA,NA,NA,"28","44.6-50",NA,"42797",NA,NA,NA,"1","c","0",0,0,0,0,"1"
"Bear Cave",NA,NA,NA,NA,NA,NA,NA,NA,NA,NA,"43513",NA,NA,NA,"0",NA,"0",0,0,0,0,"0"
"Beaten's Cave","Copper","215","60","4","3.5","1",0,"23.6","34.7-43.3","60","35810",NA,NA,"Medium","77","C","68",24,17,7,9,"0"
"Beaten's Cave",NA,NA,NA,NA,NA,NA,NA,NA,NA,NA,"40238",NA,NA,NA,"112","C","98",0,NA,NA,13,"1"
"Beaten's Cave",NA,NA,NA,NA,NA,NA,NA,"23.9","46.4","80.8","40964",NA,NA,NA,"120","C","103",26,11,15,16,"1"
"Beaten's Cave",NA,NA,NA,NA,NA,NA,NA,NA,NA,NA,"41682",NA,NA,NA,"114","c","101",100,82,18,10,"3"
"Beaten's Cave",NA,NA,NA,NA,NA,NA,NA,NA,NA,NA,"44148",NA,NA,NA,"10",NA,"8",8,7,1,2,"0"
"Beaten's Cave",NA,NA,NA,NA,NA,NA,NA,NA,NA,NA,"44259",NA,NA,NA,"24",NA,"6",6,6,0,6,"0"
"Beaten's Cave",NA,NA,NA,NA,NA,NA,NA,NA,NA,NA,"44510",NA,NA,NA,"10",NA,"8",8,8,0,2,"0"
"Beaten's Cave",NA,NA,NA,NA,NA,NA,NA,NA,NA,NA,"44626",NA,NA,NA,"21",NA,"4",4,4,0,17,"0"
"Beaten's Cave",NA,NA,NA,NA,NA,NA,NA,NA,NA,NA,"44876",NA,NA,NA,"6",NA,"4",4,4,0,2,"0"
"Beaten's Cave",NA,NA,NA,NA,NA,NA,NA,NA,NA,NA,"44988",NA,NA,NA,"33",NA,"3",3,3,0,30,"0"
"Beaver Boardman Adit","?","60",NA,NA,"15","1",0,NA,"40.6",NA,"43794",NA,NA,NA,"0",NA,NA,NA,NA,NA,NA,NA
"Belt Mine","Copper",NA,NA,NA,NA,NA,NA,NA,"32.9-42.8",NA,"42782",NA,NA,"Medium","1118","c","1083",1041,1039,2,34,"0"
"Belt Mine",NA,NA,NA,NA,NA,NA,NA,"45","40.1-43.3","85.1-89.4","43450",NA,NA,NA,"1118",NA,"1093",899,897,2,25,"0"
"Belt Mine",NA,NA,NA,NA,NA,NA,NA,"28","39.2-40.1","88.7-92.6","43848",NA,NA,NA,"597",NA,"568",556,556,0,27,"2"
"Belt Mine",NA,NA,NA,NA,NA,NA,NA,NA,NA,NA,"44636",NA,NA,"medium",NA,NA,"775",56,56,0,29,"0"
"Belt Mine",NA,NA,NA,NA,NA,NA,NA,NA,"0.5",NA,"45364",NA,NA,NA,"1017","c","972",127,127,0,43,"2"
"Bumblebee Mine","Copper","2500","10","0.5","5","1",0,NA,"47-49",NA,"39445",NA,NA,"Low","5192","C","5189",0,NA,NA,0,"3"
"Bumblebee Mine",NA,NA,NA,NA,NA,NA,NA,NA,"49.2",NA,"42423",NA,NA,NA,"813","c","812",812,812,0,1,"0"
"Caledonia Mine Complex","Copper","2500","90","0","0",NA,NA,"27","41-45",">90","12","16-18",1996,"Medium","54407","C/E","54404",136,132,4,3,"0"
"Caledonia Adit","Copper","50","40","10","15","1",0,"37.5","39.200000000000003","61","40240",NA,NA,"Low","0","C","0",0,NA,NA,0,"0"
"Cave in the Woods","Limestone","25",NA,"5","25","1",0,NA,NA,NA,"40253",NA,NA,"Low","0","C","0",0,NA,NA,0,"0"
"Chatam Mine","Iron","?","NA",NA,NA,"?",1,NA,NA,NA,"38443",NA,NA,"High","0",NA,NA,NA,NA,NA,NA,NA
"Child's Adit","Copper","92","115","2.5","2.5","1",0,"27.5","42.9","100","35427",NA,NA,"40","31","C","31",0,NA,NA,0,"0"
"Child's Adit",NA,NA,NA,NA,NA,NA,NA,"30.2","45.5","100","40901",NA,NA,NA,"132","C","132",29,26,3,0,"0"
"Child's Adit",NA,NA,NA,NA,NA,NA,NA,"3","44.6","93-97","43096",NA,NA,NA,"8","c","8",8,8,0,0,"0"
"Child's Adit",NA,NA,NA,NA,NA,NA,NA,"23","43.7","93.1","43831",NA,NA,NA,"17",NA,"17",17,17,0,0,"0"
"Child's Adit",NA,NA,NA,NA,NA,NA,NA,NA,NA,NA,"45338",NA,NA,NA,"22","c","22",22,22,0,0,"0"
"Colby Mine","Iron","0","NA",NA,NA,"0",0,NA,NA,NA,"38774",NA,NA,"Low","0","C",NA,NA,NA,NA,0,"0"
"Collin's Adit","Copper","35","80","5","6","1",0,"35.799999999999997","37.4","83","36146",NA,NA,"Low","1","C","1",0,NA,NA,0,"0"
"Collin's Adit",NA,NA,NA,NA,NA,NA,NA,NA,NA,NA,"41993",NA,NA,NA,"0","c","0",NA,NA,NA,0,"0"
"Collin's Adit",NA,NA,NA,NA,NA,NA,NA,"25",NA,NA,"43152",NA,NA,NA,"0",NA,"0",NA,NA,NA,0,"0"
"Copper Falls Mine","Copper",">11,000","NA","2","2","9",1,"38.9","42.8-46","95-100","36233",NA,NA,"Low","11483","C","11483",53,41,12,0,"0"
"Copper Falls Mine",NA,NA,NA,NA,NA,NA,NA,NA,"44.6-45.5","93-100","43154",NA,NA,NA,"27",NA,"0",27,27,0,0,"0"
"Copper Peak Adit","Copper","39","335","5","6","1",0,NA,"37.9",NA,"39024",NA,NA,"High","0","C","0",0,NA,NA,0,"0"
"Copper Peak Adit",NA,NA,NA,NA,NA,NA,NA,"30.2","37.4","94","40897",NA,NA,NA,"1","C","1",1,0,1,0,"0"
"County Line Adit","Copper","8","205","5","5","1",0,NA,"<32",NA,"35416",NA,NA,"High","0","C","0",NA,NA,NA,0,"0"
"County Line Adit",NA,NA,NA,NA,NA,NA,NA,"25.7","31.1",NA,"40899",NA,NA,NA,"0","C","0",0,NA,NA,0,"0"
"Cushman Adit","Copper",NA,NA,"2","1.5","1",0,NA,"49-50","95-100","41216",NA,NA,"Low","825","C","820",57,56,1,0,"5"
"Cushman Adit",NA,NA,NA,NA,NA,NA,NA,NA,NA,NA,"42061",NA,NA,NA,"713","c","708",708,676,32,0,"5"
"Cushman Adit",NA,NA,NA,NA,NA,NA,NA,"23","48.2",NA,"42781",NA,NA,NA,"20","c","20",20,20,0,0,"0"
"Cushman Adit",NA,NA,NA,NA,NA,NA,NA,"17","47.3","93.7","43818",NA,NA,NA,"28",NA,"28",28,28,0,0,"0"
"Cyclops A","Iron","65",NA,"50","18","1",0,"20","26.6-28.4",NA,"41691",NA,NA,"High","0","c","0",NA,NA,NA,0,"0"
"Cyclops B","Iron","35",NA,"3","5","1",0,"20","23",NA,"41691",NA,NA,"High","0","c","0",NA,NA,NA,0,"0"
"Cyclops C","Iron","35",NA,"50","15","1",0,"20","23.9",NA,"41691",NA,NA,"High","0","c","0",NA,NA,NA,0,"0"
"Delaware Mine","Copper","2600","0","5","1","1",1,NA,"43.5-46.9","92-100","35103",NA,NA,"Low","1702","C","1702",NA,NA,NA,0,"0"
"Delaware Mine",NA,NA,NA,NA,NA,NA,NA,"40","43.7-47.3",NA,"40974",NA,NA,NA,"2360","C","2352",407,325,82,1,"7"
"Delaware Mine",NA,NA,NA,NA,NA,NA,NA,NA,NA,NA,"41346",NA,NA,NA,"2666","c","2664",NA,NA,NA,0,"2"
"Delaware Mine",NA,NA,NA,NA,NA,NA,NA,NA,NA,NA,"41694",NA,NA,NA,"2591","c","2587",718,622,96,1,"3"
"Delaware Mine",NA,NA,NA,NA,NA,NA,NA,NA,NA,NA,"42058",NA,NA,NA,"3587","c","3583",545,524,21,0,"4"
"Delaware Mine",NA,NA,NA,NA,NA,NA,NA,"20","43-45",NA,"42421",NA,NA,NA,"842","c","841",490,488,2,0,"1"
"Delaware Mine",NA,NA,NA,NA,NA,NA,NA,"53",NA,NA,"42784",NA,NA,NA,"862","c","862",849,848,1,0,"0"
"Delaware Mine",NA,NA,NA,NA,NA,NA,NA,"27","39.2-45.5",NA,"43152",NA,NA,NA,"700",NA,"700",458,457,1,0,"0"
"Delaware Mine",NA,NA,NA,NA,NA,NA,NA,NA,"33-42.8","84.9-91.2","43524",NA,NA,NA,"1297",NA,"1297",1228,1227,1,0,"0"
"Delaware Mine",NA,NA,NA,NA,NA,NA,NA,"32","44.8-45.5","90.1-93.4","43832",NA,NA,NA,"1465",NA,"1465",357,357,0,0,"0"
"Delaware Mine",NA,NA,NA,NA,NA,NA,NA,NA,NA,NA,"44285",NA,NA,NA,"1491",NA,"1491",296,296,0,0,"0"
"Delaware Mine",NA,NA,NA,NA,NA,NA,NA,NA,NA,NA,"44636",NA,NA,NA,"2322",NA,"2322",199,199,0,0,NA
"Delaware Mine",NA,NA,NA,NA,NA,NA,NA,NA,NA,NA,"45007",NA,NA,NA,"1382",NA,"1382",157,157,0,0,"0"
"Derby Adit","Copper","80","80","4","4","1",0,NA,"47","93","12","18",NA,"Low","230","C","216",25,22,3,14,"0"
"Derby Adit",NA,NA,NA,NA,NA,NA,NA,"24.8","45.5","80","40508",NA,NA,NA,"243","C","234",0,NA,NA,8,"1"
"Derby Adit",NA,NA,NA,NA,NA,NA,NA,"28","41-43","90-96","41277",NA,NA,NA,"158","C","146",146,130,16,11,"1"
"Derby Adit",NA,NA,NA,NA,NA,NA,NA,NA,"41-43.7",NA,"41992",NA,NA,NA,"242","c","235",235,210,14,19,"0"
"Derby Adit",NA,NA,NA,NA,NA,NA,NA,NA,"46.4-47.3",NA,"42334",NA,NA,NA,"233","c","228",227,208,19,5,"0"
"Derby Adit",NA,NA,NA,NA,NA,NA,NA,NA,"45.5-47.3",NA,"42693",NA,NA,NA,"133","c","130",130,126,4,3,"0"
"Derby Adit",NA,NA,NA,NA,NA,NA,NA,NA,NA,NA,"43069",NA,NA,NA,"82",NA,NA,NA,NA,NA,9,"0"
"Derby Adit",NA,NA,NA,NA,NA,NA,NA,"27","48",NA,"43784",NA,NA,NA,"38",NA,"32",32,32,0,6,"0"
"Derby Adit",NA,NA,NA,NA,NA,NA,NA,NA,NA,NA,"44664",NA,NA,NA,"45",NA,"44",44,44,0,1,"0"
"Derby Adit",NA,NA,NA,NA,NA,NA,NA,NA,NA,NA,"45032",NA,NA,NA,"23",NA,"23",23,23,0,0,"0"
"Derby Shaft","Copper","30","330","8","10","0",1,NA,NA,NA,"40417",NA,NA,"Low","0","E","0",NA,NA,NA,0,"0"
"Detroit Gold + Silver Co. Adit","Gold","30","330",NA,"6","1",0,NA,"41.7",NA,"43794",NA,NA,"Low","0",NA,NA,NA,NA,NA,NA,NA
"Detroit Salt Mine","Halite",">20,000",NA,NA,NA,"1",2,NA,"62","66","42833",NA,NA,"High","0","c","0",NA,NA,NA,0,"0"
"Devil's Kitchen","Limestone","15",NA,NA,NA,"1",0,NA,NA,NA,"40313",NA,NA,"High","0","C","0",0,NA,NA,0,"0"
"Devon Mine","Copper","0",NA,"NA","NA","1",0,NA,NA,NA,"38444",NA,NA,"Low","0",NA,NA,NA,NA,NA,NA,NA
"Disgusting Cave","Limestone","142",NA,NA,NA,"1",0,NA,NA,NA,"40257",NA,NA,"Low","0",NA,NA,NA,NA,NA,NA,NA
"Douglas Houghton Adit #1","Copper","128",NA,"4","4",NA,NA,NA,NA,NA,"29526",NA,NA,"High","1","C","1",1,1,0,0,"0"
"Douglas Houghton Adit #1",NA,NA,NA,NA,NA,NA,NA,"20.5","35-42","99-100","35080",NA,NA,NA,"4","C","3",3,1,2,1,"0"
"Douglas Houghton Adit #1",NA,NA,NA,NA,NA,NA,NA,"22.1","41.9",NA,"42365",NA,NA,NA,"2","c","1",1,0,1,1,"0"
"Douglas Houghton Adit #1",NA,NA,NA,NA,NA,NA,NA,"46F","3.0-5.1",NA,"45349",NA,NA,NA,"2","c","0",0,0,0,2,"0"
"Douglas Houghton Adit #2","Copper","50",NA,NA,NA,"1",0,NA,NA,NA,"29526",NA,NA,"Closed","0","C","0",NA,NA,NA,0,"0"
"Eagle Point Cave","Limestone","11",NA,"15","7","1",0,NA,NA,NA,"40314",NA,NA,"High","0","C","0",0,NA,NA,0,"0"
"Eagle River Adit  1 (Lake Superior & Phoenix)","Copper","73","270","2","2","1",0,"26.2","40.6","100","35427",NA,NA,"Medium","37","C","37",37,25,12,0,"0"
"Eagle River Adit  1 (Lake Superior & Phoenix)",NA,NA,NA,NA,NA,NA,NA,">60",NA,NA,"38839",NA,NA,NA,"36","C","36",0,NA,NA,0,"0"
"Eagle River Adit  1 (Lake Superior & Phoenix)",NA,NA,NA,NA,NA,NA,NA,"26.6","43.7","91","40901",NA,NA,NA,"31","C","31",31,25,6,0,"0"
"Eagle River Adit  1 (Lake Superior & Phoenix)",NA,NA,NA,NA,NA,NA,NA,NA,"39.200000000000003",NA,"41336",NA,NA,NA,"37","c","37",0,NA,NA,0,"0"
"Eagle River Adit  1 (Lake Superior & Phoenix)",NA,NA,NA,NA,NA,NA,NA,"26",NA,NA,"42733",NA,NA,NA,"12","c","12",11,11,0,0,"0"
"Eagle River Adit  1 (Lake Superior & Phoenix)",NA,NA,NA,NA,NA,NA,NA,"27","43.7","93.1","43831",NA,NA,NA,"10",NA,"10",10,10,0,0,"0"
"Eagle River Adit 2 (Lake Superior & Phoenix)","Copper","35","255","5","8","1",0,NA,"26",NA,"36910",NA,NA,"Medium","0","C","0",0,NA,NA,0,"0"
"Eagle River Adit 2 (Lake Superior & Phoenix)",NA,NA,NA,NA,NA,NA,NA,NA,"48",NA,"37197",NA,NA,NA,"6","C","5",5,1,4,0,"1"
"Eagle River Adit 2 (Lake Superior & Phoenix)",NA,NA,NA,NA,NA,NA,NA,"26.6","32","89","40901",NA,NA,NA,"4","C","4",4,0,4,0,"0"
"Eagle River Adit 2 (Lake Superior & Phoenix)",NA,NA,NA,NA,NA,NA,NA,NA,"32.9",NA,"41336",NA,NA,NA,"0","c","0",NA,NA,NA,0,"0"
"Eagle River Adit 2 (Lake Superior & Phoenix)",NA,NA,NA,NA,NA,NA,NA,"26",NA,NA,"42733",NA,NA,NA,"0","c","0",0,0,0,0,"0"
"Eagle River Adit 3 (Lake Superior & Phoenix)","Copper","50","330","4","4","1",0,"32","43.1",NA,"39025",NA,NA,"Medium","5","C","5",0,NA,NA,0,"0"
"Eagle River Adit 3 (Lake Superior & Phoenix)",NA,NA,NA,NA,NA,NA,NA,"26.6","34.700000000000003","89","40901",NA,NA,NA,"12","C","12",12,7,5,0,"0"
"Eagle River Adit 3 (Lake Superior & Phoenix)",NA,NA,NA,NA,NA,NA,NA,NA,"26.6",NA,"41336",NA,NA,NA,"26","c","26",0,NA,NA,0,"0"
"Eagle River Adit 3 (Lake Superior & Phoenix)",NA,NA,NA,NA,NA,NA,NA,NA,"35.6",NA,"42367",NA,NA,NA,"13","c","13",13,13,0,0,"0"
"Eagle River Adit 3 (Lake Superior & Phoenix)",NA,NA,NA,NA,NA,NA,NA,"10","27.5",NA,"43097",NA,NA,NA,"0","c","0",0,NA,NA,0,"0"
"East Evergreen Bluff Mine  (2, 4, 6)","Copper",NA,"295",NA,NA,"1",0,NA,"≤33",NA,"37280",NA,NA,"Medium","19","C","5",3,0,3,14,"0"
"East Evergreen 1","Copper","30","285","6","10","1",0,"26.6","32","100","40900",NA,NA,"Medium","0","C","0",0,NA,NA,0,"0"
"East Evergreen 3","Copper","20","295","6","20","1",NA,"26.6","25.7",NA,"40900",NA,NA,"Medium","0","C","0",0,NA,NA,0,"0"
"East Evergreen 5","Copper",NA,NA,NA,NA,NA,NA,NA,NA,NA,"40900",NA,NA,NA,"0",NA,NA,NA,NA,NA,NA,NA
"East Evergreen 7","Copper","16","240","6","15","1",NA,"26.6","27.5",NA,"40900",NA,NA,"Medium","0","C","0",0,NA,NA,0,"0"
"Eben Ice Caves","NA","100",NA,NA,NA,NA,NA,NA,"<32",NA,"42063",NA,NA,"High","0","c","0",0,0,0,0,"0"
"Eureka Mine (Norwich area)","Copper","48","245","3","5","1",0,NA,"41.9","88","36144",NA,NA,"Medium","1","C","0",0,NA,NA,1,"0"
"Eureka Shaft #3","Iron","100","999",NA,NA,"0",1,NA,NA,NA,"38412",NA,NA,"Low","0","C","0",0,NA,NA,0,"0"
"Farm Mine Shaft A","Copper","45","330",NA,NA,"0",1,NA,NA,NA,"37280",NA,NA,"Low","0","C","0",0,NA,NA,0,"0"
"Farm Mine Shaft B","Copper","50","330",NA,NA,"0",1,NA,NA,NA,"37280",NA,NA,"Low","0","C","0",0,NA,NA,0,"0"
"Fenwick's Cache","Cave","5",NA,"3","2.5","1",0,NA,NA,NA,"40313",NA,NA,"High","0","C","0",0,NA,NA,0,"0"
"Firesteel Mine","Copper","150",NA,"7","6","1",1,"18.7","22.1-24.5",NA,"35798",NA,NA,"Medium","0","C","0",0,NA,NA,0,"0"
"Flintsteel Adit","Copper","164",NA,"6","6","1",0,"35.799999999999997","46.4","91","36145",NA,NA,"Low","500","C","497",26,25,1,0,"3"
"Flintsteel Adit",NA,NA,NA,NA,NA,NA,NA,NA,"42.6","78","40240",NA,NA,NA,"102","C","98",0,NA,NA,4,"0"
"Flintsteel Adit",NA,NA,NA,NA,NA,NA,NA,"30.2","42.8-43.7","93.1-100","40963",NA,NA,NA,"109","C","98",25,18,7,10,"1"
"Flintsteel Adit",NA,NA,NA,NA,NA,NA,NA,NA,"44.2",NA,"41693",NA,NA,NA,"103","c","97",89,81,8,6,"0"
"Flintsteel Adit",NA,NA,NA,NA,NA,NA,NA,NA,NA,NA,"42059",NA,NA,NA,"141","c","129",114,101,13,12,"0"
"Flintsteel Adit",NA,NA,NA,NA,NA,NA,NA,NA,NA,NA,"42422",NA,NA,NA,"213","c","198",135,132,3,15,"0"
"Flintsteel Adit",NA,NA,NA,NA,NA,NA,NA,NA,"42.8-44.6","93.1","43523",NA,NA,NA,"9",NA,"2",2,2,0,7,"0"
"Flintsteel Adit",NA,NA,NA,NA,NA,NA,NA,NA,NA,NA,"43817",NA,NA,NA,"18",NA,"7",7,6,1,11,"0"
"Ford Exploratory Adit","Iron","80","90","7","12","1",0,"35","38.799999999999997",NA,"42095",NA,NA,"High","74","c","45",0,NA,NA,29,"0"
"Ford Exploratory Adit",NA,NA,NA,NA,NA,NA,NA,NA,"35.6",NA,"42777",NA,NA,NA,"86","c","8",8,7,1,78,"0"
"Ford Exploratory Adit",NA,NA,NA,NA,NA,NA,NA,"30","34.700000000000003",NA,"43148",NA,NA,NA,"46",NA,"1",1,1,0,45,"0"
"Ford Exploratory Adit",NA,NA,NA,NA,NA,NA,NA,"36","39.200000000000003","84.9","43448",NA,NA,NA,"48",NA,"0",NA,NA,NA,48,"0"
"Ford Exploratory Adit",NA,NA,NA,NA,NA,NA,NA,"32","39.200000000000003","84.9","43826",NA,NA,NA,"109",NA,"1",0,NA,NA,107,"1"
"Fort Custer Tunnels","Tunnel","1000",NA,NA,NA,"1",0,NA,NA,NA,"42076",NA,NA,NA,"0","c","0",NA,NA,NA,0,"0"
"Galena Mine","Iron","30","180","6","6","1",0,"27.4","37.4",NA,"38787",NA,NA,"High","1","C","1",1,1,0,0,"0"
"Glen Adit #1","Copper","155","265","5","6","1",0,"26.2","36.5-40.1","81-90","35865",NA,NA,"Low","560","C","551",29,25,4,9,"0"
"Glen Adit #1",NA,NA,NA,NA,NA,NA,NA,NA,NA,NA,"40238",NA,NA,NA,"626","C","617",0,NA,NA,9,"0"
"Glen Adit #1",NA,NA,NA,NA,NA,NA,NA,"28.4","41.9","92.9","40963",NA,NA,NA,"602","C","590",68,53,15,12,"0"
"Glen Adit #1",NA,NA,NA,NA,NA,NA,NA,NA,NA,NA,"41243",NA,NA,NA,"280","c","280",NA,NA,NA,0,"0"
"Glen Adit #1",NA,NA,NA,NA,NA,NA,NA,NA,NA,NA,"41971",NA,NA,NA,"322","c","306",304,266,38,16,"0"
"Glen Adit #1",NA,NA,NA,NA,NA,NA,NA,NA,NA,NA,"44148",NA,NA,NA,"4",NA,"1",1,1,0,3,"0"
"Glen Adit #1",NA,NA,NA,NA,NA,NA,NA,NA,NA,NA,"44259",NA,NA,NA,"61",NA,"44",44,44,0,17,"0"
"Glen Adit #1",NA,NA,NA,NA,NA,NA,NA,NA,NA,NA,"44510",NA,NA,NA,"1",NA,"1",1,1,0,0,"0"
"Glen Adit #1",NA,NA,NA,NA,NA,NA,NA,NA,NA,NA,"44626",NA,NA,NA,"34",NA,"22",22,22,0,12,"0"
"Glen Adit #1",NA,NA,NA,NA,NA,NA,NA,NA,NA,NA,"44876",NA,NA,NA,"1",NA,"1",1,1,0,0,"0"
"Glen Adit #1",NA,NA,NA,NA,NA,NA,NA,NA,NA,NA,"44986",NA,NA,NA,"59",NA,"47",47,47,0,12,"0"
"Glen Adit #2","Copper","46","260","4","6","1",0,"26.2","30.2","88","35865",NA,NA,"Low","4","C","2",2,1,1,2,"0"
"Glen Adit #2",NA,NA,NA,NA,NA,NA,NA,"28.4","35.6","83.6","40963",NA,NA,NA,"1","C","1",1,0,1,0,"0"
"Glen Adit #2",NA,NA,NA,NA,NA,NA,NA,NA,NA,NA,"41243",NA,NA,NA,"7","c","6",6,1,5,1,"0"
"Glen Adit #3","Copper","79","345","5","10","1",0,"26.2","32","88-100","35865",NA,NA,"Low","0","C","0",0,NA,NA,0,"0"
"Glen Adit #3",NA,NA,NA,NA,NA,NA,NA,"28.4","34.7-35.6","100","40963",NA,NA,NA,"6","C","1",1,0,1,5,"0"
"Glen Adit #3",NA,NA,NA,NA,NA,NA,NA,NA,NA,NA,"41243",NA,NA,NA,"4","c","2",2,0,2,2,"0"
"Goodrich Adit A","Iron","200","310","3","4","1",0,"41","42.8","91","40634",NA,NA,"Low","1","C","1",0,NA,NA,NA,NA
"Goodrich Adit B","Iron","102","285","6","7","1",0,"41","41","83","40634",NA,NA,"Low","17","C","15",15,2,13,2,"0"
"Goodrich Mine Tunnel","Iron","276","280","10","15","1",0,"41","33.9","65","40634",NA,NA,"Low","0","C",NA,NA,NA,NA,NA,NA
"Hammel Creek Railroad Tunnel","Tunnel","150","270","8","10","1",0,"22.1","28.4",NA,"42365",NA,NA,"Low","0","c","0",0,0,0,0,"0"
"Hancock Mine (Dupee Shaft)","Copper","640",NA,NA,NA,NA,1,NA,"49-50","92-96","35104",NA,NA,"Low","0",NA,NA,NA,NA,NA,NA,NA
"Hendrie River Water Cave","Limestone","2049",NA,NA,NA,"1",0,"32",NA,NA,"39901",NA,NA,"Medium","46",NA,"46",0,NA,NA,0,"0"
"Hendrie River Water Cave",NA,NA,NA,NA,NA,NA,NA,NA,NA,NA,"40257",NA,NA,NA,"135","C","135",135,115,20,0,"0"
"Hendrie River Water Cave",NA,NA,NA,NA,NA,NA,NA,"33","39.200000000000003","89","40587",NA,NA,NA,"68","C","68",0,NA,NA,0,"0"
"Hendrie River Water Cave",NA,NA,NA,NA,NA,NA,NA,"23","36.5-42.8","100","40958",NA,NA,NA,"102","C","102",98,91,7,0,"0"
"Hendrie River Water Cave",NA,NA,NA,NA,NA,NA,NA,NA,"40.1","100","41329",NA,NA,NA,"97","c","97",0,NA,NA,0,"0"
"Hendrie River Water Cave",NA,NA,NA,NA,NA,NA,NA,NA,NA,NA,"41721",NA,NA,NA,"39","C","39",0,NA,NA,0,"0"
"Hendrie River Water Cave",NA,NA,NA,NA,NA,NA,NA,"4","39.200000000000003",NA,"42414",NA,NA,NA,"1","c","1",1,1,0,0,"0"
"Hendrie River Water Cave",NA,NA,NA,NA,NA,NA,NA,NA,"41",NA,"42787",NA,NA,NA,"1","c","1",1,1,0,0,"0"
"Hendrie River Water Cave",NA,NA,NA,NA,NA,NA,NA,"27","41",NA,"43525",NA,NA,NA,"1",NA,"1",1,1,0,0,"0"
"Hendrie River Water Cave",NA,NA,NA,NA,NA,NA,NA,NA,NA,NA,"43908",NA,NA,NA,"0",NA,NA,NA,NA,NA,NA,NA
"Henwood Mine (Douglas Houghton)","Copper","254","226","3","5","1",1,"16.7","25-32.5","66-88","35428",NA,NA,"Medium","1","C","0",0,NA,NA,1,"0"
"Henwood Mine (Douglas Houghton)",NA,NA,NA,NA,NA,NA,NA,NA,"1.2-3.3",NA,"45393",NA,NA,NA,"0",NA,NA,NA,NA,NA,NA,NA
"Hilton (Shaft 1)","Copper","97",NA,"5","10","1",1,NA,"37.9",NA,"36145",NA,NA,"Low","0","C","0",0,NA,NA,0,"0"
"Hilton (Shaft 1)",NA,NA,NA,NA,NA,"1",1,"29","34.700000000000003","100","40899",NA,NA,"High","6","C","5",4,0,4,0,"1"
"Hilton (Shaft 1)",NA,NA,NA,NA,NA,NA,NA,"47","40.1","78","43449",NA,NA,NA,"0",NA,"0",0,0,0,0,"0"
"Hilton Ohio (Hilton #5 Adit)","Copper","32","255","6","6","1",0,"21.5","23.9",NA,"35864",NA,NA,"Medium","0","C","0",0,NA,NA,0,"0"
"Hilton Ohio (Hilton #5 Adit)",NA,NA,NA,NA,NA,NA,NA,NA,"24.8",NA,"36911",NA,NA,NA,"0","C","0",0,NA,NA,NA,NA
"Hilton Ohio (Hilton #5 Adit)",NA,NA,NA,NA,NA,"1",0,"28","32.9","100","40899",NA,NA,NA,"0","C","0",0,NA,NA,0,"0"
"Hole-in-the-Wall Adit","Copper","10","50",NA,NA,"1",0,NA,NA,NA,"36176",NA,NA,"Low","0","C","0",0,NA,NA,0,"0"
"Indiana Mine","Copper","125","233","7","12","1",1,NA,"39.299999999999997",NA,"36629",NA,NA,"High","0","C","0",0,NA,NA,0,"0"
"Indiana Mine",NA,NA,NA,NA,NA,NA,NA,NA,NA,NA,"38444",NA,NA,NA,"5","C","4",0,NA,NA,1,"0"
"Indiana Mine",NA,NA,NA,NA,NA,NA,NA,NA,"3.5-4.8",NA,"45400",NA,NA,NA,"37","c","37",31,31,0,0,"0"
"Iron Mountain Iron Mine (Tourist Mine)","Iron","3500",NA,NA,NA,"2",2,"38.200000000000003","34.5-47.5",NA,"34778",NA,NA,"Low",NA,NA,NA,NA,NA,NA,NA,NA
"Iron Mountain Iron Mine (Tourist Mine)",NA,NA,NA,NA,NA,NA,NA,NA,"<49.2",NA,"39837",NA,NA,NA,"18738","C","18713",0,NA,NA,20,"5"
"Iron Mountain Iron Mine (Tourist Mine)",NA,NA,NA,NA,NA,NA,NA,NA,"42.1-49.1",NA,"41349",NA,NA,NA,"23891","C","23888",811,811,0,1,"2"
"Iron Mountain Iron Mine (Tourist Mine)",NA,NA,NA,NA,NA,NA,NA,NA,"43.7-49.6",NA,"42786",NA,NA,NA,"1118","c","1103",710,710,0,13,"0"
"Iron Mountain Iron Mine (Tourist Mine)",NA,NA,NA,NA,NA,NA,NA,"37","48.7-50","93.8-93.9","43828",NA,NA,NA,"525",NA,"510",470,470,0,14,"1"
"Iron Mountain Iron Mine (Tourist Mine)",NA,NA,NA,NA,NA,NA,NA,NA,"5.1-8.9",NA,"45363",NA,NA,NA,"1087","c","770",737,737,0,13,NA
"Isabella Mine","Iron","50+",NA,NA,NA,"?",0,"?","?","?","38414",NA,NA,"Medium","0",NA,NA,NA,NA,NA,NA,NA
"Jackson Mine, Pit 1, Adit 1","Iron","80","240","8","10","1",0,NA,"34","73","40602",NA,NA,"High","2","C","2",2,2,0,0,"0"
"Jackson Mine, Pit 4, Tunnel, Adit 2","Iron","105","240",NA,NA,"1",0,NA,"26.6",NA,"40602",NA,NA,"High","0","C","0",0,NA,NA,0,"0"
"Jackson Mine, Pit 4, Adit 3","Iron","40","240","8","8","1",0,NA,"29.3",NA,"40602",NA,NA,"High","0","C","0",0,NA,NA,0,"0"
"Jackson Mine, Pit 4, Adit 3",NA,NA,NA,NA,NA,NA,NA,NA,NA,NA,NA,NA,NA,NA,NA,NA,NA,NA,NA,NA,NA,NA
"Jackson Mine, A Working","Iron","209","90","20","75","1",0,"23","27.5","79.7","40973",NA,NA,"High","0","C","0",0,0,0,0,"0"
"Jackson Mine, A Working",NA,NA,NA,NA,NA,NA,NA,"7","23.8",NA,"43173",NA,NA,NA,"0",NA,NA,NA,0,0,0,NA
"Jackson Mine, B Working","Iron",NA,NA,"6","9","1",0,"25","32","82","40973",NA,NA,"High","6","C","5",0,0,0,1,"0"
"Jackson Mine, B Working",NA,NA,NA,NA,NA,NA,NA,"7","31.7",NA,"43173",NA,NA,NA,"2",NA,"0",NA,0,0,2,"0"
"Jackson Mine, Tram Tunnel","Iron",NA,"330","10","10","1",0,"25","28.4-35.6","70.5-83.6","40973",NA,NA,"High","58","C","18",18,14,4,38,"2"
"Jackson Mine, Tram Tunnel",NA,NA,NA,NA,NA,NA,NA,"7","32.299999999999997",NA,"43173",NA,NA,NA,"22",NA,"6",6,6,0,16,"0"
"Jackson Mine, Tram Tunnel Exit","Iron","120","150","7","10","1",0,"23","32","100","40973",NA,NA,"High","6","C","6",0,NA,NA,0,"0"
"Jackson Mine, Tram Tunnel Exit",NA,NA,NA,NA,NA,NA,NA,"7",NA,NA,"43173",NA,NA,NA,"0",NA,"0",NA,0,0,0,"0"
"Jones' Adit","Iron","705","30","1.5","5","1",0,NA,NA,NA,"39446",NA,NA,"Medium","260","C","257",0,NA,NA,0,"3"
"Jones' Adit",NA,NA,NA,NA,NA,NA,NA,"< 0","45","100","39838",NA,NA,NA,"442","C","438",NA,NA,NA,0,"4"
"Jones' Adit",NA,NA,NA,NA,NA,NA,NA,"24","48.2-49.1","91-93","40607",NA,NA,NA,"415","C","411",20,20,0,0,"4"
"Jones' Adit",NA,NA,NA,NA,NA,NA,NA,"36.5","48.2","100","40962",NA,NA,NA,"297","C","293",53,53,0,0,"4"
"Jones' Adit",NA,NA,NA,NA,NA,NA,NA,NA,"48.2",NA,"41348",NA,NA,NA,"317","c","314",0,NA,NA,0,"3"
"Jones' Adit",NA,NA,NA,NA,NA,NA,NA,NA,NA,NA,"41692",NA,NA,NA,"437","c","435",435,423,12,0,"2"
"Jones' Adit",NA,NA,NA,NA,NA,NA,NA,NA,NA,NA,"42057",NA,NA,NA,"730","c","728",725,622,103,0,"2"
"Jones' Adit",NA,NA,NA,NA,NA,NA,NA,"40","48",NA,"42420",NA,NA,NA,"694","c","694",691,689,2,0,"0"
"Jones' Adit",NA,NA,NA,NA,NA,NA,NA,"34","47.3-48.2",NA,"42777",NA,NA,NA,"2","c","2",2,2,0,0,"0"
"Jones' Adit",NA,NA,NA,"5","8",NA,NA,"44","46.4-48.2","93.8-100","43448",NA,NA,NA,"17",NA,"17",16,15,1,0,"0"
"Jones' Adit",NA,NA,NA,NA,NA,NA,NA,"30","46.4-48.2","87.3-93.5","43827",NA,NA,NA,"27",NA,"25",25,25,0,2,"0"
"Keel Ridge Mine","Iron","380","300","6","5","1",0,"18.2","39-51","98-100","35069",NA,NA,"Low","246","C","242",71,65,6,2,"2"
"Keel Ridge Mine",NA,NA,NA,NA,NA,NA,NA,NA,NA,NA,"35885",NA,NA,NA,NA,NA,NA,NA,NA,NA,0,"3"
"Keel Ridge Mine",NA,NA,NA,NA,NA,NA,NA,NA,"48",NA,"38350",NA,NA,NA,"394","C","393",0,NA,NA,0,"1"
"Keel Ridge Mine",NA,NA,NA,NA,NA,NA,NA,"55-60","45-46",NA,"39165",NA,NA,NA,"268","C","267",0,NA,NA,0,"1"
"Keel Ridge Mine",NA,NA,NA,NA,NA,NA,NA,NA,NA,NA,"39893",NA,NA,NA,"206","C/E","203",NA,NA,NA,0,"3"
"Keel Ridge Mine",NA,NA,NA,NA,NA,NA,NA,NA,NA,NA,"40131",NA,NA,NA,"280","C","275",0,NA,NA,0,"5"
"Keel Ridge Mine",NA,NA,NA,NA,NA,NA,NA,NA,NA,NA,"40264",NA,NA,NA,"294","C","290",0,NA,NA,0,"4"
"Keel Ridge Mine",NA,NA,NA,NA,NA,NA,NA,NA,"48.2","91","40488",NA,NA,NA,"324","C","324",0,NA,NA,0,"0"
"Keel Ridge Mine",NA,NA,NA,NA,NA,NA,NA,NA,NA,NA,"40628",NA,NA,NA,"262","C","262",0,NA,NA,0,"0"
"Keel Ridge Mine",NA,NA,NA,NA,NA,NA,NA,NA,"46.9-48.2","93.6-100","41348",NA,NA,NA,"228","C","222",0,194,8,0,"6"
"Keel Ridge Mine",NA,NA,NA,NA,NA,NA,NA,NA,NA,NA,"41694",NA,NA,NA,"304","c","300",254,244,10,0,"4"
"Keel Ridge Mine",NA,NA,NA,NA,NA,NA,NA,NA,NA,NA,"42057",NA,NA,NA,"590","c","587",532,525,7,0,"3"
"Keel Ridge Mine",NA,NA,NA,NA,NA,NA,NA,"40","46-47",NA,"42420",NA,NA,NA,"225","c","221",199,198,1,0,"4"
"Keel Ridge Mine",NA,NA,NA,NA,NA,NA,NA,"34","45.5-48.2",NA,"42777",NA,NA,NA,"46","c","45",43,43,0,1,"0"
"Keel Ridge Mine",NA,NA,NA,NA,NA,NA,NA,NA,NA,NA,"43070",NA,NA,NA,"93",NA,NA,NA,88,1,0,"4"
"Keel Ridge Mine",NA,NA,NA,NA,NA,NA,NA,NA,NA,NA,"43479",NA,NA,NA,"109",NA,"103",103,103,0,0,"6"
"Keel Ridge Mine",NA,NA,NA,NA,NA,NA,NA,NA,NA,NA,"43827",NA,NA,NA,NA,NA,NA,NA,NA,NA,NA,NA
"Keel Ridge Mine",NA,NA,NA,NA,NA,NA,NA,NA,NA,NA,"44258",NA,NA,NA,"107",NA,"107",107,107,0,0,"0"
"Keel Ridge Mine",NA,NA,NA,NA,NA,NA,NA,NA,NA,NA,"45028",NA,NA,NA,"35",NA,"30",0,0,0,0,"5"
"Keel Ridge Mine",NA,NA,NA,NA,NA,NA,NA,NA,"5.2-7.3",NA,"45394",NA,NA,NA,"20","c","18",3,3,0,0,"2"
"Keel Ridge New Adit","iron","30","30","4","10","1",0,"22","33",NA,"41606",NA,NA,"High","0","c","0",NA,NA,NA,0,"0"
"Keel Ridge Shaft","iron","492","NA","7","7","1",2,"22","51.4",NA,"41606",NA,NA,"low","794","c","784",784,760,24,6,"4"
"Keel Ridge Shaft",NA,NA,NA,NA,NA,NA,NA,NA,"32-44",NA,"42386",NA,NA,NA,"602","c","593",587,580,7,6,"3"
"Keel Ridge Shaft",NA,NA,NA,NA,NA,NA,NA,NA,"41",NA,"42776",NA,NA,NA,"60","c","54",54,53,1,1,"2"
"Keel Ridge Shaft",NA,NA,NA,NA,NA,NA,NA,"44","46.4-50","93.9-96.7","43448",NA,NA,NA,"114",NA,"112",112,112,0,2,"0"
"Keel Ridge Shaft",NA,NA,NA,NA,NA,NA,NA,NA,NA,NA,"45028",NA,NA,NA,"150",NA,"150",25,25,0,0,"0"
"Keel Ridge Shaft",NA,NA,NA,NA,NA,NA,NA,NA,"1.5-6.0",NA,"45394",NA,NA,NA,"371","c","370",320,320,0,1,"0"
"Knowlton Mine","Copper","400+",NA,NA,NA,NA,0,"18","45-46","93","35417",NA,NA,"Low","0",NA,NA,NA,NA,NA,NA,NA
"Kochab Cave","Limestone","528",NA,NA,NA,"0",0,NA,NA,NA,"29316",NA,NA,NA,"3","C","3",1,1,0,0,"0"
"Kochab Cave",NA,NA,NA,NA,NA,NA,NA,NA,NA,NA,"29636",NA,NA,NA,"1","C","1",1,0,1,0,"0"
"Kochab Cave",NA,NA,NA,NA,NA,NA,NA,NA,NA,NA,"40257",NA,NA,NA,"0","c",NA,NA,NA,NA,NA,NA
"Lafayette East Adit","Copper","25","360","6","4","1",0,NA,NA,NA,"38660",NA,NA,"Low","0","C",NA,NA,NA,NA,NA,NA
"Lafayette East Adit",NA,NA,NA,NA,NA,NA,NA,"55.4","52.7","80","40859",NA,NA,NA,"0","C","0",NA,NA,NA,0,"0"
"Lafayette East Adit",NA,NA,NA,NA,NA,NA,NA,"42.8","43.7",NA,"42322",NA,NA,NA,"0","c","0",NA,NA,NA,0,"0"
"Lafayette East Adit",NA,NA,NA,NA,NA,NA,NA,"33.799999999999997","39.200000000000003",NA,"43056",NA,NA,NA,"0","c","0",NA,NA,NA,0,"0"
"Lafayette East Shaft","Copper","420","330","2","5","1",0,NA,"44.7-46.4",NA,"38662",NA,NA,"Low","2261","C","2259",31,29,2,1,"1"
"Lafayette East Shaft",NA,NA,NA,NA,NA,NA,NA,"55.4","46.4-48.2","100","40859",NA,NA,NA,"2804","C","2804",NA,NA,NA,0,"0"
"Lafayette East Shaft",NA,NA,NA,NA,NA,NA,NA,"42.8","46.4-48.2",NA,"42322",NA,NA,NA,"2582","c","2582",1257,1240,17,0,"0"
"Lafayette East Shaft",NA,NA,NA,NA,NA,NA,NA,"33.799999999999997","41.9-48.2",NA,"43056",NA,NA,NA,"443","c","442",440,436,4,1,"0"
"Lafayette East Shaft",NA,NA,NA,NA,NA,NA,NA,NA,"7.5-7.7",NA,"45250",NA,NA,NA,"1106","c","1103",1103,1103,NA,2,"1"
"Lafayette West Adit","Copper","75","315","2.5","4","1",0,NA,"48",NA,"38660",NA,NA,"Low","7","C","7",7,4,3,0,"0"
"Lafayette West Adit",NA,NA,NA,NA,NA,NA,NA,"55.4","49.1","100","40859",NA,NA,NA,"4","C","4",4,1,3,0,"0"
"Lafayette West Adit",NA,NA,NA,NA,NA,NA,NA,"42.8","43.7",NA,"42322",NA,NA,NA,"18","c","18",18,4,14,0,"0"
"Lafayette West Adit",NA,NA,NA,NA,NA,NA,NA,"33.799999999999997","45.5",NA,"43056",NA,NA,NA,"6","c","6",6,3,3,0,"0"
"Lafayette West Shaft","Copper","95","345","2","5","1",0,NA,"45.3",NA,"38662",NA,NA,"Low","35","C","34",NA,NA,NA,1,"0"
"Lafayette West Shaft",NA,NA,NA,NA,NA,NA,NA,"55.4","50",NA,"40859",NA,NA,NA,"52","C","52",NA,NA,NA,0,"0"
"Lafayette West Shaft",NA,NA,NA,NA,NA,NA,NA,"42.8","48.5",NA,"42322",NA,NA,NA,"55","c","55",0,NA,NA,0,"0"
"Lafayette West Shaft",NA,NA,NA,NA,NA,NA,NA,"33.799999999999997",NA,NA,"43056",NA,NA,NA,"10","c","10",10,10,NA,NA,NA
"Lafayette West Shaft",NA,NA,NA,NA,NA,NA,NA,NA,NA,NA,"45250",NA,NA,NA,NA,NA,NA,NA,NA,NA,NA,NA
"Lake Shaft","Copper","75","NA",NA,NA,"0",1,NA,NA,NA,"40997",NA,NA,NA,NA,NA,NA,NA,NA,NA,NA,NA
"Mackinac Bridge, North Pier","NA",NA,NA,NA,NA,NA,NA,NA,"<32",NA,"34403",NA,NA,"Low","0","C","0",NA,NA,NA,0,"0"
"Mackinac Bridge, South Pier","NA",NA,NA,NA,NA,NA,NA,NA,"<33",NA,"34403",NA,NA,"Low","0","C","0",NA,NA,NA,0,"0"
"Mass Mine (C Shaft)","Copper","ca. 2,500",NA,NA,NA,NA,0,NA,"44.2-46","90-100","12","29-30",NA,"Low",NA,NA,NA,NA,NA,NA,NA,NA
"Mass  C Adit","Copper","158","50","5","7","1",0,"21.6","37",NA,"38704",NA,NA,"Low","178","C","172",26,24,2,6,"0"
"Mass  C Adit",NA,NA,NA,NA,NA,NA,NA,"32","41.9","100","40898",NA,NA,NA,"115","C","109",22,19,3,6,"0"
"Mass  C Adit",NA,NA,NA,NA,NA,NA,NA,"17","40.1",NA,"41337",NA,NA,NA,"122","c","113",113,96,17,0,"0"
"Mass  C Adit",NA,NA,NA,NA,NA,NA,NA,NA,NA,NA,"41972",NA,NA,NA,"178","c","160",147,129,18,18,"0"
"Mass  C Adit",NA,NA,NA,NA,NA,NA,NA,NA,NA,NA,"44148",NA,NA,NA,"11",NA,"11",11,10,1,0,"0"
"Mass  C Adit",NA,NA,NA,NA,NA,NA,NA,NA,NA,NA,"44259",NA,NA,NA,"12",NA,"11",11,10,1,1,"0"
"Mass  C Adit",NA,NA,NA,NA,NA,NA,NA,NA,NA,NA,"44510",NA,NA,NA,"9",NA,"9",9,8,1,0,"0"
"Mass  C Adit",NA,NA,NA,NA,NA,NA,NA,NA,NA,NA,"44626",NA,NA,NA,"7",NA,"6",6,6,0,1,"0"
"Mass  C Adit",NA,NA,NA,NA,NA,NA,NA,NA,NA,NA,"44876",NA,NA,NA,"9",NA,"8",8,8,0,1,"0"
"Mass  C Adit",NA,NA,NA,NA,NA,NA,NA,NA,NA,NA,"44986",NA,NA,NA,"13",NA,"7",7,7,0,6,"0"
"Mastodon #2 Shaft","Iron",NA,NA,NA,NA,NA,NA,NA,NA,NA,"3","3",NA,"Closed","0",NA,NA,NA,NA,NA,NA,NA
"Mead Adit of Carp Lake Mine","Copper","2725","180","2","2","1",0,NA,"48-50","92-100","35122",NA,NA,"Low","13540","C","13539",65,64,1,1,"0"
"Mead Adit of Carp Lake Mine",NA,NA,NA,"2.5","4",NA,NA,NA,"45.6",NA,"35884",NA,NA,NA,"14048","C","14046",0,NA,NA,0,"2"
"Mead Adit of Carp Lake Mine",NA,NA,NA,NA,NA,NA,NA,NA,NA,NA,"36875",NA,NA,NA,"16739","C","16735",0,NA,NA,0,"4"
"Mead Adit of Carp Lake Mine",NA,NA,NA,NA,NA,NA,NA,NA,"42.2-46.2",NA,"38352",NA,NA,NA,"13346","C","13342",0,NA,NA,0,"4"
"Mead Adit of Carp Lake Mine",NA,NA,NA,NA,NA,NA,NA,NA,"48",NA,"39892",NA,NA,NA,"17511","C","17508",0,NA,NA,0,"3"
"Mead Adit of Carp Lake Mine",NA,NA,NA,NA,NA,NA,NA,NA,"46.4-47.3","91","40605",NA,NA,NA,"19265","C","19263",0,NA,NA,0,"2"
"Mead Adit of Carp Lake Mine",NA,NA,NA,NA,NA,NA,NA,NA,"46.9",NA,"41338",NA,NA,NA,"17702","C","17700",0,NA,NA,0,"2"
"Mead Adit of Carp Lake Mine",NA,NA,NA,NA,NA,NA,NA,NA,NA,NA,"42060",NA,NA,NA,"15973","c","15971",1048,1024,24,0,"2"
"Mead Adit of Carp Lake Mine",NA,NA,NA,NA,NA,NA,NA,"23","46.4-47.3",NA,"42781",NA,NA,NA,"92","c","92",91,91,0,0,"0"
"Mead Adit of Carp Lake Mine",NA,NA,NA,NA,NA,NA,NA,NA,"46.7-48.5",NA,"43523",NA,NA,NA,"208",NA,"208",207,207,0,0,"0"
"Mead Adit of Carp Lake Mine",NA,NA,NA,NA,NA,NA,NA,NA,NA,NA,"43808",NA,NA,NA,"316",NA,"312",315,312,3,0,"1"
"Mead Adit of Carp Lake Mine",NA,NA,NA,NA,NA,NA,NA,NA,NA,NA,"44513",NA,NA,NA,"513",NA,"513",513,510,3,0,"0"
"Mead Adit of Carp Lake Mine",NA,NA,NA,NA,NA,NA,NA,NA,NA,NA,"44628",NA,NA,NA,"486",NA,"486",486,484,2,0,"0"
"Mead Adit of Carp Lake Mine",NA,NA,NA,NA,NA,NA,NA,NA,NA,NA,"45027",NA,NA,NA,"546","c","546",320,320,0,0,"0"
"Mead Adit of Carp Lake Mine",NA,NA,NA,NA,NA,NA,NA,NA,NA,NA,"45239",NA,NA,NA,"993","c","992",105,104,1,1,"0"
"Mead Adit of Carp Lake Mine",NA,NA,NA,NA,NA,NA,NA,NA,"4.4-7.2",NA,"45404",NA,NA,NA,"700","c","700",129,129,0,0,"0"
"Merchant Mine","Copper","641","170","2","2","2",0,NA,"30–44.7","95","39878",NA,NA,"Low","213","C","208",NA,NA,NA,3,"2"
"Merchant Mine",NA,NA,NA,NA,NA,NA,NA,NA,NA,NA,"40627",NA,NA,NA,"224","C","217",0,NA,NA,1,"6"
"Merchant Mine",NA,NA,NA,NA,NA,NA,NA,NA,NA,NA,"41244",NA,NA,NA,"225","C","214",214,206,8,5,"6"
"Merchant Mine",NA,NA,NA,NA,NA,NA,NA,"32","41.9",NA,"42778",NA,NA,NA,"53","C","48",46,45,1,5,"0"
"Merchant Mine",NA,NA,NA,NA,NA,NA,NA,"44","37.4-45.5","84.3-93.4","43449",NA,NA,NA,"18",NA,"12",11,11,0,9,"0"
"Merchant Mine",NA,NA,NA,NA,NA,NA,NA,NA,NA,NA,"44665",NA,NA,NA,"45",NA,"38",38,38,0,7,"0"
"Merchant Mine",NA,NA,NA,NA,NA,NA,NA,NA,NA,NA,"45030",NA,NA,NA,"40",NA,"33",33,33,0,7,"0"
"Merchant's Adit North","Copper","105","270","2.25","1.5","1",NA,NA,"46.4","85","36144",NA,NA,"High","11","C","5",5,0,5,6,"0"
"Merchant's Adit North",NA,NA,NA,NA,NA,NA,NA,NA,NA,NA,"40239",NA,NA,NA,"21","C","16",0,NA,NA,5,"0"
"Merchant's Adit North",NA,NA,NA,NA,NA,NA,NA,NA,"41.9","86","43098",NA,NA,NA,"2",NA,"0",NA,0,0,2,"0"
"Merchant's Adit South","Copper","60","270","5","7","1",0,NA,"42.8","77","36144",NA,NA,"High","1","C","1",1,0,1,0,"0"
"Merchant's Adit South",NA,NA,NA,NA,NA,NA,NA,NA,NA,NA,"40239",NA,NA,NA,"21","C","16",0,NA,NA,5,"0"
"Merchant's Adit South",NA,NA,NA,NA,NA,NA,NA,NA,"31.1","64","43098",NA,NA,NA,"1",NA,"0",NA,0,0,1,"0"
"Merriweather Shaft 1","Copper","30",NA,NA,NA,"0",1,NA,NA,NA,NA,NA,NA,"Low","0","E",NA,NA,NA,NA,0,"0"
"Merriweather Shaft 2","Copper","30",NA,"6","10","0",1,NA,NA,NA,"40419",NA,NA,"Low","0","E",NA,0,NA,NA,0,"0"
"Merriweather Shaft 3","Copper","90","350","6","10","1",1,NA,"33","95","12","28",NA,"Medium","0","C","0",NA,NA,NA,0,"0"
"Michigan (A Shaft)","Copper",">400","NA","2.5","2.5",">1",1,NA,"41",NA,"37253",NA,NA,"Low","1610","C/E","1610",0,NA,NA,0,"0"
"Millie Mine","Iron","600","NA",NA,NA,"3",1,NA,NA,NA,"33949",NA,NA,"Low","ca. 50,000","E","ca. 50,000",NA,NA,NA,0,"0"
"Millie Mine",NA,NA,NA,NA,NA,NA,NA,NA,NA,NA,NA,NA,NA,NA,"ca. 37,000","E","ca. 37,000",NA,NA,NA,0,"0"
"Millie Mine",NA,NA,NA,NA,NA,NA,NA,NA,"44","100","39886",NA,NA,NA,"5390","C","5390",0,NA,NA,0,"0"
"Millie Mine",NA,NA,NA,NA,NA,NA,NA,NA,"44.6-48.2","84-96","40265",NA,NA,NA,">24,000","C",">24,000",0,NA,NA,0,"0"
"Millie Mine",NA,NA,NA,NA,NA,NA,NA,NA,NA,NA,"43149",NA,NA,NA,"5723",NA,NA,NA,NA,NA,0,"0"
"Millie Mine",NA,NA,NA,NA,NA,NA,NA,"44","43-48",NA,"43885",NA,NA,NA,"2765",NA,"2765",0,NA,NA,0,"o"
"Nassau Mine","Copper","1300","270",NA,NA,"1",0,NA,"47.1",NA,"39026",NA,NA,"Low","4635","C","4634",0,NA,NA,1,"0"
"National Mine #7","Copper",">250","360","10","20","1",0,"35.799999999999997","38.3-42.8","72-89","36146",NA,NA,"Low","984","C","969",25,25,0,15,"0"
"National Mine #7",NA,NA,NA,NA,NA,NA,NA,"27","37-48",NA,"43784",NA,NA,NA,"198",NA,"194",194,194,0,4,"0"
"National Mine #3","Copper","100","330","15","20","1",1,NA,"23.9",NA,"37254",NA,NA,"Low","0","C","0",0,NA,NA,0,"0"
"Nebraska Mine","Copper","1500",NA,"7","12","1",0,"18.7","29-39.3","88","35415",NA,NA,"Low","700","E",NA,NA,NA,NA,NA,NA
"New Algoma","Copper","0","NA","NA","NA","0",0,"27.5","NA","NA","35810",NA,NA,"Low","0","C","0",0,NA,NA,0,"0"
"New Indiana Shaft",NA,"125","NA","17","17","0",1,NA,NA,NA,"40997",NA,NA,NA,NA,NA,NA,NA,NA,NA,NA,NA
"North American Adit","Copper","43","325","3","6","1",0,"25","37.9","100","35427",NA,NA,"Medium","1","C","1",1,0,1,0,"0"
"North American Adit",NA,NA,NA,NA,NA,NA,NA,NA,"35.6-36.5","100","36910",NA,NA,NA,"5","C","5",0,NA,NA,0,"0"
"North American Adit",NA,NA,NA,NA,NA,NA,NA,NA,"33.799999999999997",NA,"42367",NA,NA,NA,"2","c","2",2,0,2,0,"0"
"North American Adit",NA,NA,NA,NA,NA,NA,NA,"27","32.9",NA,"42731",NA,NA,NA,"0","c","0",0,0,0,0,"0"
"North Belt Mine","Copper","625","37","3","5","2",2,"27","34.5-44.9","90-100","35798",NA,NA,"Low","601","C","588",0,NA,NA,12,"1"
"North Belt Mine",NA,NA,NA,NA,NA,NA,NA,NA,NA,NA,"37315",NA,NA,NA,"1134","C","1118",NA,NA,NA,15,"1"
"North Belt Mine",NA,NA,NA,NA,NA,NA,NA,NA,"32.7-40.5","86-88","39879",NA,NA,NA,"1071","C","1054",0,NA,NA,14,"3"
"North Belt Mine",NA,NA,NA,NA,NA,NA,NA,"28.4","36.5-39.2","82","40627",NA,NA,NA,"1129","C","1120",0,NA,NA,9,"0"
"North Cliff Mine (Shaft #3?)","Copper","752","NA","3.5","2.5","2",1,"27.5","45-48","92-100","35426",NA,NA,"Medium","2958","C","2958",50,50,0,0,"0"
"North Cliff Mine (Shaft #3?)",NA,NA,NA,NA,NA,NA,NA,NA,NA,NA,"42424",NA,NA,NA,"29","c","29",29,29,0,0,"0"
"North Cliff Mine (Shaft #3?)",NA,NA,NA,NA,NA,NA,NA,NA,"4.7",NA,"45338",NA,NA,NA,"26","c","26",26,26,0,0,"0"
"North Lake Mine","Copper",">70","NA","10","20","1",1,"29",NA,NA,"1","15",NA,"Low","0","C","0",0,NA,NA,0,"0"
"Norway Mine","Iron","274",NA,"6","20","2",0,"22","21-41","97-100","35067",NA,NA,"Medium","23920","E","23855",77,76,1,65,"0"
"Norway Mine",NA,NA,NA,NA,NA,NA,NA,"22.5","20-40.9","97-100","35796",NA,NA,"Low","18979","E","18781",0,NA,NA,198,"0"
"Norway Mine",NA,NA,NA,NA,NA,NA,NA,NA,"39.5-42.4",NA,"38350",NA,NA,NA,"16796","C","16676",0,NA,NA,120,"0"
"Norway Mine",NA,NA,NA,NA,NA,NA,NA,NA,NA,NA,"41706",NA,NA,NA,NA,NA,NA,1815,1815,0,NA,"0"
"Norway Mine",NA,NA,NA,NA,NA,NA,NA,NA,"31.1-45.5",NA,"42776",NA,NA,NA,"8647","c","8459",142,142,0,188,"0"
"Norway Mine",NA,NA,NA,NA,NA,NA,NA,"30","34.7-44.6","75-96.3","43827",NA,NA,NA,"5155",NA,"4909",691,691,0,245,"1"
"Norway Mine",NA,NA,NA,NA,NA,NA,NA,NA,"2.2-4.4",NA,"45274",NA,NA,NA,"10284","c","9535",351,351,0,748,"1"
"The Norwich (Norwich B)","Copper",NA,NA,NA,NA,"?",1,NA,NA,NA,"40022",NA,NA,"Low","0",NA,NA,NA,NA,NA,NA,NA
"The Norwich (Norwich B)",NA,NA,NA,NA,NA,NA,NA,NA,NA,NA,"41607",NA,NA,NA,"2","c","0",NA,NA,NA,2,"0"
"Norwich D (MacDonald Shaft)","Copper","80","999","8","10","0",1,NA,NA,NA,"37314",NA,NA,"Low","0","C","0",0,NA,NA,0,"0"
"Norwich D (MacDonald Shaft)",NA,NA,NA,NA,NA,NA,NA,NA,NA,NA,NA,NA,NA,NA,NA,NA,NA,NA,NA,NA,NA,NA
"Ogimaw Adit","Copper","90","345","5","7","1",0,NA,"30-40.9",NA,"38702",NA,NA,"Low","28","C","28",0,NA,NA,0,"0"
"Ogimaw Adit",NA,NA,NA,NA,NA,NA,NA,"32","41.9","100","40898",NA,NA,NA,"24","C","23",21,14,7,1,"0"
"Ogimaw Adit",NA,NA,NA,NA,NA,NA,NA,"17","39.200000000000003",NA,"41337",NA,NA,NA,"21","c","21",18,2,16,0,"0"
"Ogimaw Adit",NA,NA,NA,NA,NA,NA,NA,NA,NA,NA,"42782",NA,NA,NA,"4","C","4",4,4,0,0,"0"
"Ogimaw Adit",NA,NA,NA,NA,NA,NA,NA,NA,"41","96.3","43820",NA,NA,NA,"2",NA,"2",2,2,0,0,"0"
"Ogimaw Mine","Copper","338",NA,NA,NA,"1",0,"37.6","41.4-44.9","88-100","36143",NA,NA,"Low","410","C","407",25,25,0,3,"0"
"Ohio Traprock Mine #1","Copper","106","355","4","6","1",0,"27.4","43.7","89","36146",NA,NA,"Low","150","C","149",35,28,7,1,"0"
"Ohio Traprock Mine #1",NA,NA,NA,NA,NA,NA,NA,"25","39.200000000000003","92.4","43152",NA,NA,NA,"81",NA,"74",74,74,0,7,"0"
"Ohio Traprock Mine #2","Copper","111","340","2","2","1",0,"27.4","48.6","93","36146",NA,NA,"Low","654","C","654",26,26,0,0,"0"
"Ohio Traprock Mine #2",NA,NA,NA,NA,NA,NA,NA,NA,NA,NA,"41993",NA,NA,NA,"274","c","274",270,255,15,0,"0"
"Ohio Traprock Mine #2",NA,NA,NA,NA,NA,NA,NA,"25","46.4","100","43152",NA,NA,NA,"49",NA,"49",49,49,0,0,"0"
"Ohio Traprock Mine #3","Copper","95","34","8","12","1",1,"27.4","41","82","36146",NA,NA,"Low","19","C","13",10,8,2,6,"0"
"Ohio Traprock Mine #3",NA,NA,NA,NA,NA,NA,NA,"25","32","82","43152",NA,NA,NA,"11",NA,"8",8,8,0,3,"0"
"Ohio Traprock Mine #59 (Norwich Adit)","Copper","45","302","8","4","1",0,"-12",NA,NA,"35131",NA,NA,"Low","0",NA,NA,NA,NA,NA,NA,NA
"Ohio Traprock Mine #59 (Norwich Adit)",NA,NA,NA,NA,NA,NA,NA,NA,NA,NA,"39880",NA,NA,NA,"0",NA,NA,NA,NA,NA,NA,NA
"Ohio Traprock Mine #59 (Norwich Adit)",NA,NA,NA,NA,NA,NA,NA,"27","34","80","40509",NA,NA,NA,"0","C","0",0,NA,NA,0,"0"
"Ohio Traprock Mine #59 (Norwich Adit)",NA,NA,NA,NA,NA,NA,NA,"30.6","35.6","100","41278",NA,NA,NA,"6","C","6",6,0,6,0,"0"
"Ohio Traprock Mine #59 (Norwich Adit)",NA,NA,NA,NA,NA,NA,NA,"35-37","42.8",NA,"42333",NA,NA,NA,"2","c","1",1,0,1,1,"0"
"Ohio Traprock Mine #59 (Norwich Adit)",NA,NA,NA,NA,NA,NA,NA,"40.5-41","45.5",NA,"42692",NA,NA,NA,"2","c","0",0,0,0,2,"0"
"Ohio Traprock Mine #59 (Norwich Adit)",NA,NA,NA,NA,NA,NA,NA,"33.799999999999997","42.8",NA,"43057",NA,NA,NA,"2","c","0",0,0,0,2,"0"
"Ohio Traprock Mine #59 (Norwich Adit)",NA,NA,NA,NA,NA,NA,NA,"39",NA,NA,"43785",NA,NA,NA,"0",NA,"0",0,0,0,0,"0"
"Ohio Traprock Mine #60 (Norwich Adit)","Copper","236","302","6","4.5","1",0,NA,"44.4-47.4","93","35131",NA,NA,"Low","294","C","291",31,22,9,3,"0"
"Ohio Traprock Mine #60 (Norwich Adit)",NA,NA,NA,NA,NA,NA,NA,"29.5","46.7-47.8",NA,"39880",NA,NA,NA,"253","C","247",0,NA,NA,6,"0"
"Ohio Traprock Mine #60 (Norwich Adit)",NA,NA,NA,NA,NA,NA,NA,"27","45-46.4","85-91","40509",NA,NA,NA,"308","C","305",0,NA,NA,3,"0"
"Ohio Traprock Mine #60 (Norwich Adit)",NA,NA,NA,NA,NA,NA,NA,"30.6","46-46.4","96.7","41278",NA,NA,NA,"274","C","270",0,242,28,4,"0"
"Ohio Traprock Mine #60 (Norwich Adit)",NA,NA,NA,NA,NA,NA,NA,NA,"41-45.6",NA,"41991",NA,NA,NA,"305","c","299",299,263,36,6,"0"
"Ohio Traprock Mine #60 (Norwich Adit)",NA,NA,NA,NA,NA,NA,NA,"35-37","46.4",NA,"42333",NA,NA,NA,"191","c","188",187,168,19,3,"0"
"Ohio Traprock Mine #60 (Norwich Adit)",NA,NA,NA,NA,NA,NA,NA,"40.5-41",NA,NA,"42692",NA,NA,NA,"74","c","74",74,66,8,0,"0"
"Ohio Traprock Mine #60 (Norwich Adit)",NA,NA,NA,NA,NA,NA,NA,"33.799999999999997","47.3",NA,"43057",NA,NA,NA,"51","c","50",50,48,2,1,"0"
"Ohio Traprock Mine #60 (Norwich Adit)",NA,NA,NA,NA,NA,NA,NA,NA,NA,NA,"43785",NA,NA,NA,"39",NA,"37",37,37,0,2,"0"
"Ohio Traprock #61","Copper","17",NA,"6","5","1",0,"35-37",NA,NA,"42333",NA,NA,NA,"0","c","0",NA,NA,NA,0,"0"
"Ohio Traprock #61",NA,NA,NA,NA,NA,NA,NA,"40.5-41","44.6",NA,"42692",NA,NA,NA,"0","c","0",NA,NA,NA,0,"0"
"Ohio Traprock #61",NA,NA,NA,NA,NA,NA,NA,NA,NA,NA,"43785",NA,NA,NA,"0",NA,"0",NA,NA,NA,NA,NA
"Ohio Traprock #61",NA,NA,NA,NA,NA,NA,NA,"33.799999999999997","37.4",NA,"43057",NA,NA,NA,"0","c","0",NA,NA,NA,0,"0"
"Old Caledonia Mine (south)","Copper","NA",NA,NA,NA,NA,NA,"27",NA,NA,"35417",NA,NA,"Low","0",NA,NA,NA,NA,NA,NA,NA
"Old Flintsteel River Adit A","Copper","18","30","6","10","1",0,NA,NA,NA,"38773",NA,NA,"Low","0",NA,NA,NA,NA,NA,NA,NA
"Old Flintsteel River Adit A",NA,NA,NA,NA,NA,NA,NA,"31.1","32.9","100","40898",NA,NA,NA,"0","C","0",0,NA,0,0,NA
"Old Flintsteel River Adit B","Copper","225","360","6","4","1",0,NA,"37.2-41.5",NA,"38773",NA,NA,"Low","222","C","214",0,NA,NA,6,"2"
"Old Flintsteel River Adit B",NA,NA,NA,NA,NA,NA,NA,NA,NA,NA,"40240",NA,NA,"Low","256","C","250",0,NA,NA,5,"1"
"Old Flintsteel River Adit B",NA,NA,NA,NA,NA,NA,NA,"31.1","45.5","100","40898",NA,NA,NA,"268","C","264",23,19,4,2,"2"
"Old Flintsteel River Adit B",NA,NA,NA,NA,NA,NA,NA,"11","46.4","100","43152",NA,NA,NA,"3",NA,"3",NA,3,0,0,"0"
"Old Flintsteel River Adit B",NA,NA,NA,NA,NA,NA,NA,NA,"44.6","93.3","43820",NA,NA,NA,"2",NA,"2",2,2,0,0,"0"
"Old Penn Mine","Copper","108",NA,"6","6","1",1,"14.8","16.399999999999999",NA,"36521",NA,NA,"Low","0","C","0",0,NA,NA,0,"0"
"Owl Creek Fissure (Old Copper Falls)","Copper","> 10,000",NA,"2","2","5",1,NA,"44-46","100","36574",NA,NA,"Low","6606","C","6606",0,NA,NA,0,"0"
"Pabst Mine H Shaft","Iron","100",NA,NA,NA,"?",0,NA,NA,NA,"38412",NA,NA,"Low","0",NA,NA,NA,NA,NA,NA,NA
"Palms Mine Air Shaft","Iron","0",NA,NA,NA,"0",0,NA,NA,NA,"38412",NA,NA,"Low","0",NA,NA,NA,NA,NA,NA,NA
"Penninsular Adit","Copper","0",NA,NA,NA,"0",0,NA,NA,NA,"36145",NA,NA,"Closed","0",NA,NA,NA,NA,NA,NA,NA
"Petherick","Copper",NA,NA,NA,NA,NA,NA,NA,NA,NA,"43847",NA,NA,"Low",NA,NA,NA,NA,NA,NA,NA,NA
NA,NA,NA,NA,NA,NA,NA,NA,NA,NA,NA,"45338",NA,NA,NA,"15","c","15",15,15,0,0,"0"
"Pewabic Mine (Hancock)","Copper",">1,000",NA,NA,NA,NA,NA,NA,NA,NA,"36629",NA,NA,"Low","0",NA,"0",NA,NA,NA,0,"0"
"Pewabic Mine (Iron Mountain)","Iron","340",NA,"3","4","?",1,"16.7","21.2-31.9","61-68","35068",NA,NA,"Medium","40","C","32",24,22,2,8,"0"
"Piscatauqau Adit","Copper","129",NA,"2","2","1",0,"38.9","46.4","88","36144",NA,NA,"Low","90","C","89",14,14,0,1,"0"
"Pittsburgh and Boston Shaft A","Copper","0",NA,NA,NA,NA,0,NA,NA,NA,"42367",NA,NA,NA,"0",NA,NA,NA,NA,NA,NA,NA
"Pittsburgh and Boston Shaft B","Copper","0",NA,NA,NA,NA,0,NA,NA,NA,"42367",NA,NA,NA,"0",NA,NA,NA,NA,NA,NA,NA
"Pittsburgh and Boston Shaft C","Copper","0",NA,NA,NA,NA,0,NA,NA,NA,"42367",NA,NA,NA,"0",NA,NA,NA,NA,NA,NA,NA
"Ponchartrain Shores Pit Cave","Limestone","0",NA,NA,NA,NA,1,NA,NA,NA,"43933",NA,NA,NA,"0",NA,NA,NA,NA,NA,NA,NA
"Port Austin Cave East","Sandstone","6",NA,"3","12","1",0,NA,NA,NA,"40740",NA,NA,"High","0","E",NA,NA,NA,NA,NA,NA
"Port Austin Cave West","Sandstone","20",NA,"3.5","40","1",0,NA,NA,NA,"40740",NA,NA,"High","0","E",NA,NA,NA,NA,NA,NA
"Quarry Cave","Limestone","215",NA,NA,NA,"1",0,NA,NA,NA,"40257",NA,NA,"High","0","C",NA,NA,NA,NA,NA,NA
"Quincy Mine Adit","Copper","2000","340",NA,NA,"7",1,"26.5","40-45","90-100","2","14-15",3897,"Low","0","E","0",0,NA,NA,0,"0"
"Quincy Mine Adit",NA,NA,NA,NA,NA,NA,NA,NA,"46.9",NA,"36114",NA,NA,NA,"1","C","1",0,NA,NA,0,"0"
"Quincy Mine Adit",NA,NA,NA,NA,NA,NA,NA,NA,"46.4-48.2","91-95","40603",NA,NA,NA,"3691","C","3691",0,NA,NA,0,"0"
"Quincy Mine Adit",NA,NA,NA,NA,NA,NA,NA,NA,"48.2",NA,"42783",NA,NA,NA,"30","c","30",22,22,0,0,"0"
NA,NA,NA,NA,NA,NA,NA,NA,NA,"8.0-10.2",NA,"45373",NA,NA,NA,"9","c","9",0,NA,NA,NA,NA
"Quincy Shaft","Copper",NA,NA,NA,NA,NA,NA,NA,NA,NA,NA,NA,NA,NA,NA,NA,NA,NA,NA,NA,NA,NA
"Quinnesec Adit","Iron","477","30","2","3.5","1",0,"35.6","46.9-47.8","95-100","40487",NA,NA,NA,"2576","C","2572",0,NA,NA,0,"4"
"Quinnesec Adit",NA,NA,NA,NA,NA,NA,NA,NA,"47.3","100","41338",NA,NA,NA,"2564","C","2554",2537,2538,16,1,"9"
"Quinnesec Adit",NA,NA,NA,NA,NA,NA,NA,NA,"47.8",NA,"42776",NA,NA,NA,"30","c","28",28,28,0,1,"1"
"Quinnesec Adit",NA,NA,NA,NA,NA,NA,NA,"44","49.1","93.8","43448",NA,NA,NA,"40",NA,"36",36,36,0,4,"0"
"Quinnesec Adit",NA,NA,NA,NA,NA,NA,NA,"35","48","93.7","43826",NA,NA,NA,"29",NA,"29",29,29,0,0,"0"
"Randville Quarry Mine","Dolomite","331",NA,"15","20","1",0,"29","28.1-29.7","65-71","35072",NA,NA,"High","35","C","0",NA,NA,NA,35,"0"
"Randville Quarry Mine",NA,NA,NA,NA,NA,NA,NA,NA,"27.5",NA,"41705",NA,NA,NA,"42","C","2",0,NA,NA,40,"0"
"Randville Quarry Mine",NA,NA,NA,NA,NA,NA,NA,"30","34.700000000000003",NA,"43148",NA,NA,NA,"32",NA,"12",0,NA,NA,20,"0"
"Ridge Adit","Copper","49","60","6","6","1",0,"16.7","32.5","90","35864",NA,NA,"High","12","C","10",8,0,8,2,"0"
"Ridge Adit",NA,NA,NA,NA,NA,NA,NA,"30","37.4","100","40899",NA,NA,NA,"6","C","5",5,0,5,1,"0"
"Ridge Adit",NA,NA,NA,NA,NA,NA,NA,"17","37.4",NA,"41337",NA,NA,NA,"1","c","0",NA,NA,NA,1,"0"
"Ridge Adit",NA,NA,NA,NA,NA,NA,NA,"47","43.7","86.4","43449",NA,NA,NA,"0",NA,"0",0,0,0,0,"0"
"Rockland Mine, Shaft 3","Copper","800","NA","8","12","3",1,NA,"44.6",NA,"41994",NA,NA,"Low","3263","c","3263",0,NA,NA,0,"0"
"Rockport Quarry North Tunnel","Concrete","500","145","2","4",NA,NA,NA,"38.299999999999997","90","40251",NA,NA,"Medium","64","C","57",0,NA,NA,5,"2"
"Rockport Quarry North Tunnel",NA,NA,NA,NA,NA,NA,NA,NA,"35.6","66","40586",NA,NA,NA,"99","C","97",0,NA,NA,2,"0"
"Rockport Quarry North Tunnel",NA,NA,NA,NA,NA,NA,NA,"29.3","35.6-39.2","100","40957",NA,NA,NA,"101","C","98",71,68,3,3,"0"
"Rockport Quarry North Tunnel",NA,NA,NA,NA,NA,NA,NA,NA,NA,NA,"41328",NA,NA,NA,NA,NA,NA,NA,NA,NA,NA,NA
"Rockport Quarry North Tunnel",NA,NA,NA,NA,NA,NA,NA,NA,NA,NA,"41601",NA,NA,"Low","383","c","379",0,NA,NA,3,"1"
"Rockport Quarry North Tunnel",NA,NA,NA,NA,NA,NA,NA,NA,NA,NA,"41720",NA,NA,NA,"33","C","31",0,NA,NA,1,"1"
"Rockport Quarry North Tunnel",NA,NA,NA,NA,NA,NA,NA,NA,NA,NA,"42698",NA,NA,NA,"1","c","1",1,1,0,0,"0"
"Rockport Quarry North Tunnel",NA,NA,NA,NA,NA,NA,NA,"41","41-42.4","86-93","43428",NA,NA,NA,"9",NA,"2",2,2,0,7,"0"
"Rockport Quarry South Tunnel","Concrete","225","145","4","4",NA,NA,NA,NA,NA,"40251",NA,NA,"Medium","1","C","0",0,NA,NA,0,"1"
"Rockport Quarry South Tunnel",NA,NA,NA,NA,NA,NA,NA,NA,"35.6","81","40586",NA,NA,NA,"0","C","0",0,NA,NA,0,"0"
"Rockport Quarry South Tunnel",NA,NA,NA,NA,NA,NA,NA,"29.3","35.6-37.4","100","40957",NA,NA,NA,"3","C","0",0,NA,NA,0,"3"
"Rockport Quarry South Tunnel",NA,NA,NA,NA,NA,NA,NA,NA,"35.6","100","41328",NA,NA,NA,"1","c","1",1,1,0,0,"0"
"Rockport Quarry South Tunnel",NA,NA,NA,NA,NA,NA,NA,NA,NA,NA,"41601",NA,NA,NA,"2","c","1",1,0,1,0,"1"
"Rockport Quarry South Tunnel",NA,NA,NA,NA,NA,NA,NA,NA,NA,NA,"41720",NA,NA,"Low","1","C","0",NA,NA,NA,0,"1"
"Rockport Quarry South Tunnel",NA,NA,NA,NA,NA,NA,NA,"41","51","94","43428",NA,NA,NA,"0",NA,"0",0,0,0,0,"0"
"Scott Falls Cave","Sandstone","20","70","15","25",NA,NA,"23","28.4",NA,"40977",NA,NA,"High","0","C","0",0,NA,NA,0,"0"
"Scott Falls Cave",NA,NA,NA,NA,NA,NA,NA,NA,NA,NA,"43434",NA,NA,NA,"0",NA,"0",0,0,0,0,"0"
"Scott Falls Cave",NA,NA,NA,NA,NA,NA,NA,NA,NA,NA,"43786",NA,NA,NA,"0",NA,"0",0,0,0,0,"0"
"Scott's Cave","Limestone","7",NA,"8.5","17.5",NA,NA,NA,NA,NA,"40314",NA,NA,"Medium","0","C","0",NA,NA,NA,0,"0"
"Seneca Mine #3","Copper","2039","NA","8","20","2",1,NA,"46.4-49.8",NA,"41736",NA,NA,"Low","3201","C","3201",0,NA,NA,0,"0"
"Silas Doty Cave","Tufa","18",NA,"2.5","3",NA,NA,"42","39-41",NA,"38802",NA,NA,"High","0","C","0",NA,NA,NA,0,"0"
"Silas Doty Cave",NA,NA,NA,NA,NA,NA,NA,"27","34",NA,"40608",NA,NA,NA,"0","C","0",NA,NA,NA,0,"0"
"Silver Mountain Mine","Copper","147",NA,"5","5","1",0,"35.4","42.2-45.5","90","35399",NA,NA,"Medium","1036","C","1036",44,41,3,0,"0"
"Silver Mountain Mine",NA,NA,NA,NA,NA,NA,NA,NA,NA,NA,"37216",NA,NA,NA,"1131","C","1131",0,NA,NA,0,"0"
"Silver Mountain Mine",NA,NA,NA,NA,NA,NA,NA,"50","47.1","95","40130",NA,NA,NA,"1401","C","1401",0,NA,NA,0,"0"
"Silver Mountain Mine",NA,NA,NA,NA,NA,NA,NA,"19.399999999999999","44.6","91","40508",NA,NA,NA,"1536","C","1524",0,NA,NA,11,"1"
"Silver Mountain Mine",NA,NA,NA,NA,NA,NA,NA,"24.1","44.6","100","41277",NA,NA,NA,"1302","C","1280",0,NA,NA,22,"0"
"Silver Mountain Mine",NA,NA,NA,NA,NA,NA,NA,NA,"46.4",NA,"41992",NA,NA,NA,"1580","c","1572",1572,1500,72,8,"0"
"Silver Mountain Mine",NA,NA,NA,NA,NA,NA,NA,NA,"46.4",NA,"42334",NA,NA,NA,"1342","c","1340",1339,1317,21,2,"0"
"Silver Mountain Mine",NA,NA,NA,NA,NA,NA,NA,"23","47.3",NA,"42693",NA,NA,NA,"247","c","247",247,243,3,0,"0"
"Silver Mountain Mine",NA,NA,NA,NA,NA,NA,NA,NA,NA,NA,"43068",NA,NA,NA,"271",NA,"269",NA,264,5,2,"0"
"Silver Mountain Mine",NA,NA,NA,NA,NA,NA,NA,"36","46",NA,"43785",NA,NA,NA,"113",NA,"111",111,110,1,2,"0"
"Skull Cave","Limestone","20",NA,"3.5","13.5","1",0,NA,NA,NA,"40313",NA,NA,"High","0","C","0",NA,NA,NA,0,"0"
"South Belt Mine","Copper","625",NA,"6","12","1",2,"16","22-37.5","71-100","35079",NA,NA,"Low","1302","C","1290",40,39,1,12,"0"
"South Belt Mine",NA,NA,NA,NA,NA,NA,NA,NA,NA,NA,"36949",NA,NA,"Low","2076","C","2028",0,NA,NA,48,"0"
"South Belt Mine",NA,NA,NA,NA,NA,NA,NA,"36.4","33.5-37","92","39879",NA,NA,NA,"1513","C","1461",0,NA,NA,51,"1"
"South Belt Mine",NA,NA,NA,NA,NA,NA,NA,NA,"37.4-38.3","89","40627",NA,NA,NA,"1299","C","1285",0,NA,NA,14,"0"
"South Bluff Adit","Copper","145","55","5","6","1",0,"37.5","45.8-47.3","91","36145",NA,NA,"Low","235","C","234",23,21,2,NA,"1"
"South Bluff Adit",NA,NA,NA,NA,NA,NA,NA,NA,NA,NA,"40242",NA,NA,"Low","117","C","113",0,NA,NA,3,"1"
"South Bluff Adit",NA,NA,NA,NA,NA,NA,NA,"47.8","46.2-47.3","100","40860",NA,NA,NA,"141","C","140",NA,NA,NA,0,"1"
"South Bluff Adit",NA,NA,NA,NA,NA,NA,NA,NA,NA,NA,"40963",NA,NA,NA,"109","C","105",92,82,10,3,"1"
"South Bluff Adit",NA,NA,NA,NA,NA,NA,NA,NA,NA,NA,"42321",NA,NA,NA,"100","c","98",97,97,0,1,"1"
"South Bluff Adit",NA,NA,NA,NA,NA,NA,NA,NA,"46.4",NA,"42780",NA,NA,NA,"19","c","9",9,8,1,10,"0"
"South Bluff Adit",NA,NA,NA,NA,NA,NA,NA,"26","46.4","87.1","43451",NA,NA,NA,"15",NA,"13",13,13,0,2,"0"
"South Bluff East Adit","Copper","316","57.5","2","5","1",0,NA,"45.5-48",NA,"39024",NA,NA,"Low","2391","C","2381",0,NA,NA,2,"8"
"South Bluff East Adit",NA,NA,NA,NA,NA,NA,NA,NA,NA,NA,"40130",NA,NA,NA,"2067","C","2063",0,NA,NA,2,"2"
"South Bluff East Adit",NA,NA,NA,NA,NA,NA,NA,"51.8","46.4-47.3","100","40860",NA,NA,NA,"1999","C","1996",0,NA,NA,1,"2"
"South Bluff East Adit",NA,NA,NA,NA,NA,NA,NA,NA,NA,NA,"42321",NA,NA,NA,"1322","c","1317",1125,1121,4,0,"5"
"South Bluff East Adit",NA,NA,NA,NA,NA,NA,NA,"27","45.5-47.8",NA,"42693",NA,NA,NA,"116","c","115",113,110,3,2,"0"
"South Bluff East Adit",NA,NA,NA,NA,NA,NA,NA,"29","46.4-47.3","86.6-100","43420",NA,NA,NA,"52",NA,"50",NA,50,0,2,"0"
"South Lake Mine","Copper","1402","345",NA,NA,"2",2,NA,"33.7-43.8","77-94","35109",NA,NA,"Medium","1746","C","1568",88,85,3,178,"0"
"South Lake Mine",NA,NA,NA,NA,NA,NA,NA,NA,"38-44",NA,"37314",NA,NA,NA,"1965","C","1831",0,NA,NA,131,"3"
"South Lake Mine",NA,NA,NA,NA,NA,NA,NA,NA,NA,NA,"39858",NA,NA,NA,"1674","C","1536",0,NA,NA,136,"2"
"South Lake Mine",NA,NA,NA,NA,NA,NA,NA,NA,"39.200000000000003","82","40606",NA,NA,NA,"2669","C","2520",NA,NA,NA,146,"3"
"South Lake Mine",NA,NA,NA,NA,NA,NA,NA,NA,NA,NA,"41337",NA,NA,NA,"3182","C","2982",0,NA,NA,200,"0"
"South Lake Mine",NA,NA,NA,NA,NA,NA,NA,NA,NA,NA,"42061",NA,NA,NA,"2901","c","2782",2564,2451,113,119,"0"
"South Lake Mine",NA,NA,NA,NA,NA,NA,NA,NA,NA,NA,"43777",NA,NA,NA,"1325",NA,"1325",NA,1324,1,NA,NA
"South Lake Mine",NA,NA,NA,NA,NA,NA,NA,NA,NA,NA,"44147",NA,NA,NA,"1349",NA,"1312",1312,1312,0,37,"0"
"South Lake Mine",NA,NA,NA,NA,NA,NA,NA,NA,NA,NA,"44260",NA,NA,NA,"834",NA,"691",691,691,0,143,"0"
"South Lake Mine",NA,NA,NA,NA,NA,NA,NA,NA,NA,NA,"44511",NA,NA,NA,"1190",NA,"1169",1169,1169,0,21,"0"
"South Lake Mine",NA,NA,NA,NA,NA,NA,NA,NA,NA,NA,"44627",NA,NA,NA,"908",NA,"719",719,719,0,189,"0"
"South Lake Mine",NA,NA,NA,NA,NA,NA,NA,NA,NA,NA,"44875",NA,NA,NA,"1117",NA,"1077",1077,1077,0,40,"0"
"South Lake Mine",NA,NA,NA,NA,NA,NA,NA,NA,NA,NA,"44988",NA,NA,NA,"1034",NA,"844",844,844,0,190,"0"
"South Lake Mine",NA,NA,NA,NA,NA,NA,NA,NA,"34.7-40.1",NA,"42779",NA,NA,NA,"1966","c","1798",1599,1599,0,168,"0"
"South Lake Mine",NA,NA,NA,NA,NA,NA,NA,NA,"0.8-3.8",NA,"45350",NA,NA,NA,"1082","c","882",882,882,0,200,"0"
"Spider Cave","Dolomite","30",NA,NA,NA,"1",0,NA,NA,NA,"43090",NA,NA,"Low","0",NA,"0",0,0,0,0,"0"
"Spider Cave",NA,NA,NA,NA,NA,NA,NA,"29",NA,NA,"43421",NA,NA,NA,"0",NA,"0",0,0,0,0,"0"
"Stair Cave","Limestone","4",NA,"4","12",NA,NA,NA,NA,NA,"40314",NA,NA,"High","0","C","0",NA,NA,NA,0,"0"
"Sugarloaf Cave","Limestone","40",NA,"5.5","3.5",NA,NA,NA,NA,NA,"40313",NA,NA,"Medium","0","C","0",NA,NA,NA,0,"0"
"Sunday Lake Mine, Shaft #6","Iron","?",NA,"0.5","4","?",0,NA,NA,NA,"38411",NA,NA,"Low","0",NA,NA,NA,NA,NA,NA,NA
"Taylor Adit","Iron","115","135","1.5","2","1",0,NA,"49",NA,"40241",NA,NA,"Medium","250","C","250",29,21,8,0,"0"
"Taylor Adit",NA,NA,NA,NA,NA,NA,NA,"30.2","46.4","93.5","40973",NA,NA,"Medium","230","C","229",229,212,17,0,"1"
"Taylor Adit",NA,NA,NA,NA,NA,NA,NA,"~45","46","100","41362",NA,NA,NA,"201","c","200",187,158,19,0,"1"
"Taylor Adit",NA,NA,NA,NA,NA,NA,NA,NA,NA,NA,"41971",NA,NA,NA,"285","c","285",285,201,84,0,"0"
"Taylor Adit",NA,NA,NA,NA,NA,NA,NA,NA,NA,NA,NA,NA,NA,NA,"144","c","144",144,128,16,0,"0"
"Taylor Adit",NA,NA,NA,NA,NA,NA,NA,NA,NA,NA,"44147",NA,NA,NA,"20",NA,"20",20,20,0,0,"0"
"Taylor Adit",NA,NA,NA,NA,NA,NA,NA,NA,NA,NA,"44259",NA,NA,NA,"19",NA,"19",19,19,0,0,"0"
"Taylor Adit",NA,NA,NA,NA,NA,NA,NA,NA,NA,NA,"44510",NA,NA,NA,"29",NA,"29",29,29,0,0,"0"
"Taylor Adit",NA,NA,NA,NA,NA,NA,NA,NA,NA,NA,"44627",NA,NA,NA,"27",NA,"27",27,27,0,0,"0"
"Taylor Adit",NA,NA,NA,NA,NA,NA,NA,NA,NA,NA,"44875",NA,NA,NA,"36",NA,"36",36,35,1,0,"0"
"Taylor Adit",NA,NA,NA,NA,NA,NA,NA,NA,NA,NA,"44986",NA,NA,NA,"34",NA,"34",34,34,0,0,"0"
"Tilden Mine","Iron","?","NA","15","30","1",1,NA,NA,NA,"39885",NA,NA,"Low","?",NA,NA,NA,NA,NA,NA,NA
"Tippy Dam","Concrete","150","NA",NA,NA,"NA",NA,NA,"4.7 + .05 (SE) C","92 ± 3","40250",NA,NA,"Low","17550","C","17542",0,NA,NA,1,"7"
"Tippy Dam",NA,NA,NA,NA,NA,NA,NA,NA,NA,NA,"40961",NA,NA,NA,"24360","c","24350",NA,NA,NA,0,"10"
"Tippy Dam",NA,NA,NA,NA,NA,NA,NA,NA,"32-33",NA,"41330",NA,NA,NA,"20116","C","20101",0,NA,NA,1,"14"
"Tippy Dam",NA,NA,NA,NA,NA,NA,NA,NA,NA,NA,"42056",NA,NA,NA,"21381","c","21371",0,NA,NA,0,"10"
"Tippy Dam",NA,NA,NA,NA,NA,NA,NA,NA,"40.1",NA,"42794",NA,NA,NA,"27423","c","27415",0,NA,NA,0,"8"
"Tippy Dam",NA,NA,NA,NA,NA,NA,NA,"26","35",NA,"43147",NA,NA,NA,"23531",NA,"23516",0,NA,NA,0,"15"
"Tippy Dam",NA,NA,NA,NA,NA,NA,NA,NA,NA,NA,"43510",NA,NA,NA,"24133",NA,"24121",0,NA,NA,0,"12"
"Tippy Dam",NA,NA,NA,NA,NA,NA,NA,NA,NA,NA,"2","30",3923,NA,"26962",NA,NA,NA,NA,0,0,"7"
"Toltec Mine","Copper","63","0","12","8","1",1,NA,"43","93","36512",NA,NA,"Low","450","C","450",28,26,2,0,"0"
"Toltec Mine",NA,NA,NA,NA,NA,NA,NA,NA,"43.6","88","40239",NA,NA,NA,"836","C","836",0,NA,NA,0,"0"
"Toltec Mine",NA,NA,NA,NA,NA,NA,NA,NA,NA,NA,"43151",NA,NA,NA,"79",NA,"79",NA,79,0,0,"0"
"Tracy MineService Tunnels","Concrete","925",NA,NA,NA,"2",0,"17","41","50","40602",NA,NA,"Low","17","C","2",2,0,2,15,"0"
"Trader's Mine","Iron","500","225","5","10","1",0,NA,NA,NA,"35130",NA,NA,"Low","?",NA,NA,NA,NA,NA,NA,NA
"Trader's Mine",NA,NA,NA,NA,NA,"1",0,"20","41.9-42.8",NA,"41704",NA,NA,NA,"666","C","636",587,540,47,16,"14"
"Union Mine","Copper","0",NA,NA,NA,"0",0,NA,NA,NA,"42208",NA,NA,NA,"0",NA,NA,NA,NA,NA,NA,NA
"Unknown Keweenaw",NA,NA,NA,NA,NA,NA,NA,NA,"3.2-4.4",NA,"45329",NA,NA,NA,"205","c","205",205,0,0,0,"0"
"Unknown working","Copper","12",NA,"15","15","0",1,NA,NA,NA,"38413",NA,NA,"Low","0","C","0",0,NA,NA,0,"0"
"Vivian Adit","Iron","20","10","5","7","1",0,"20","30.2",NA,"41691",NA,NA,"Low","5","c","0",NA,NA,NA,5,"0"
"Vivian Adit",NA,NA,NA,NA,NA,NA,NA,NA,"40.1","78","43448",NA,NA,NA,"1",NA,"0",NA,NA,NA,1,"0"
"Vulcan Adit","Iron","?",NA,NA,NA,"?",0,NA,NA,NA,"40239",NA,NA,"low","?",NA,NA,NA,NA,NA,NA,NA
"Wakefield Water Tunnel",NA,"0",NA,NA,NA,"0",NA,NA,NA,NA,"40897",NA,NA,"Low","?",NA,NA,NA,NA,NA,NA,NA
"Washburn Mine","Gold?","117","120","6","3","1",0,"31.5","43.7",NA,"39024",NA,NA,"Medium","74","C","74",17,12,5,0,"0"
"Washburn Mine",NA,NA,NA,"6","4",NA,NA,"30","39.200000000000003","83","40897",NA,NA,NA,"35","C","35",27,14,13,0,"0"
"Washburn Mine",NA,NA,NA,NA,NA,NA,NA,NA,"33.799999999999997",NA,"43169",NA,NA,NA,"25",NA,"25",25,25,0,0,"0"
"Washburn Mine",NA,NA,NA,NA,NA,NA,NA,"15","37.4","54.2","43818",NA,NA,NA,"21",NA,"21",21,21,0,0,"0"
"West Evergreen Adit","Copper","15","315","5","5","1",0,"35.6","39.200000000000003","82","40858",NA,NA,"High","0","C","0",0,NA,NA,0,"0"
"West Evergreen Bluff Mine","Copper",NA,"NA","2","2","4",1,"39.9","39.9-43","83-90","36143",NA,NA,"Low","4523","C","4519",25,24,1,2,"2"
"West Evergreen Bluff Mine",NA,NA,NA,NA,NA,NA,NA,NA,"42.4-44.0",NA,"38661",NA,NA,"Low","6595","C","6585",0,NA,NA,10,NA
"West Evergreen Bluff Mine",NA,NA,NA,NA,NA,NA,NA,"35.6","42.8-44.6","100","40858",NA,NA,NA,"5625","C","5619",0,NA,NA,3,"3"
"West Evergreen Bluff Mine",NA,NA,NA,NA,NA,NA,NA,NA,NA,NA,"42335",NA,NA,NA,"3092","c","3092",0,NA,NA,0,"0"
"West Evergreen Bluff Mine",NA,NA,NA,NA,NA,NA,NA,"29","41.9-44.6","86.6-92.9","43420",NA,NA,NA,"788",NA,"788",NA,787,1,0,"0"
"West Vein Adit (Robin's Ore)","Copper","150","16","3","4","1",0,"20","39.200000000000003","92.4","43847",NA,NA,"Medium","185",NA,"185",162,162,0,0,"0"
NA,NA,NA,NA,NA,NA,NA,NA,NA,"1.1-1.5",NA,"45366",NA,NA,NA,"229","c","224",224,224,0,5,"0"
"White Pine Mine","Copper",">10,000","NA",NA,NA,"1",1,NA,"41.9-49.1","84-100","40635",NA,NA,"Low","2","C","2",1,1,NA,0,"0"
"White Pine Mine",NA,NA,NA,NA,NA,NA,NA,NA,NA,NA,"42062",NA,NA,NA,"0","c","0",NA,NA,NA,0,"0"
"Windsor Shaft #3","Copper","696","180","7","7","4",1,"34.1","34-44","74-91","12","15",NA,"Low","2568","C","2450",25,25,0,118,"0"
"Windsor Shaft #3",NA,NA,NA,NA,NA,NA,NA,"23","31.1-42.8","77-84","40509",NA,NA,NA,"3418","C","3285",0,NA,NA,133,"0"
"Windsor Shaft #3",NA,NA,NA,NA,NA,NA,NA,"30.6","32-44.9","91-96","41278",NA,NA,NA,"2782","C","2646",0,NA,NA,136,"0"
"Windsor Shaft #3",NA,NA,NA,NA,NA,NA,NA,NA,"35.6-?",NA,"41991",NA,NA,NA,"2032","c","1884",119,110,9,148,"0"
"Windsor Shaft #3",NA,NA,NA,NA,NA,NA,NA,NA,"38.3-43",NA,"42333",NA,NA,NA,"3030","c","2892",611,591,20,138,"0"
"Windsor Shaft #3",NA,NA,NA,NA,NA,NA,NA,"40.5-41","40.1-44.6",NA,"42692",NA,NA,NA,"3483","c","3046",308,305,3,129,"0"
"Windsor Shaft #3",NA,NA,NA,NA,NA,NA,NA,"33.799999999999997",NA,NA,"43057",NA,NA,NA,"1779","c","1638",NA,NA,NA,141,"0"
"Windsor Shaft #3",NA,NA,NA,NA,NA,NA,NA,"39","36.3-?",NA,"43785",NA,NA,NA,"1921",NA,"1746",92,92,0,175,"0"
"Windsor Shaft #3",NA,NA,NA,NA,NA,NA,NA,NA,"2.8-4.5",NA,"44937",NA,NA,NA,"2321","c","1982",236,236,NA,339,NA
"Young's Adit","Copper","500","180","6","3","1",NA,"ca. 50","≤44.5","89","40242",NA,NA,"Low","276","C","265",28,27,1,8,"3"
"Young's Adit",NA,NA,NA,NA,NA,NA,NA,NA,"32.9-?","91.7-100","40964",NA,NA,NA,"224","C","203",175,165,10,11,"10"
"Young's Adit",NA,NA,NA,NA,NA,NA,NA,NA,NA,NA,"41693",NA,NA,NA,"188","c","182",175,164,11,2,"4"
"Young's Adit",NA,NA,NA,NA,NA,NA,NA,NA,NA,NA,"42059",NA,NA,NA,"234","c","219",192,174,18,7,"8"
"Young's Adit",NA,NA,NA,NA,NA,NA,NA,NA,"33.8-42.8",NA,"42422",NA,NA,NA,"219","c","205",203,201,2,10,"4"
"Young's Adit",NA,NA,NA,NA,NA,NA,NA,"34","≤41",NA,"42780",NA,NA,NA,"60","c","50",50,50,0,8,"2"
"Young's Adit",NA,NA,NA,NA,NA,NA,NA,NA,NA,NA,"43817",NA,NA,NA,"31",NA,"22",22,22,0,9,"0"
"Young's Adit",NA,NA,NA,NA,NA,NA,NA,NA,NA,NA,"44665",NA,NA,NA,"32",NA,"29",29,29,0,3,"0"
"Young's Adit",NA,NA,NA,NA,NA,NA,NA,NA,NA,NA,"45031",NA,NA,NA,"29",NA,"29",29,29,0,0,"0"
