"site","ore","azimuth","entrance_height","entrance_width","levels","shafts","1980","1981","1992","1994","1995","1996","1998","1999","2000","2001","2002","2004","2005","2006","2007","2009","2010","2011","2012","2013","2014","2015","2016","2017","2018","2019","2020","2021","2022","2023","2024","NA"
"Adventure Adit/ Rock Fall","Copper","27","4","6","1",0,NA,NA,NA,NA,NA,NA,NA,NA,NA,NA,NA,NA,NA,NA,NA,NA,1227,NA,1276,NA,NA,1157,NA,NA,NA,22,NA,NA,42,26,NA,NA
"Adventure Mine","Copper","165","6","5","2",1,NA,NA,NA,NA,NA,NA,NA,NA,NA,NA,NA,NA,NA,NA,NA,8330,NA,23534,NA,NA,NA,NA,20373,NA,NA,876,NA,NA,NA,NA,1413,NA
"Adventure Shaft","Copper","330","8","20","1",1,NA,NA,NA,NA,NA,NA,NA,NA,NA,NA,NA,NA,NA,NA,NA,2516,NA,NA,NA,NA,NA,NA,NA,NA,NA,NA,NA,NA,NA,NA,NA,NA
"Agency Place Mine","Copper","180","3","4","1",0,NA,NA,NA,NA,NA,NA,NA,NA,NA,NA,NA,NA,NA,75,NA,NA,NA,NA,54,NA,NA,8,NA,0,NA,NA,3,NA,NA,NA,NA,NA
"Algonquin Adit #1","Copper","245","3","5","1",0,NA,NA,NA,NA,NA,NA,NA,0,NA,NA,NA,NA,NA,NA,NA,NA,NA,NA,NA,NA,NA,NA,NA,NA,NA,NA,NA,NA,NA,NA,NA,NA
"Algonquin Adit #2",NA,NA,NA,NA,NA,NA,NA,NA,NA,NA,NA,NA,NA,NA,NA,NA,NA,NA,NA,NA,NA,NA,NA,NA,0,NA,NA,NA,NA,NA,NA,NA,NA,NA,NA,NA,NA,NA
"Algonquin Adit #2 (Mark's Adit)","Copper","145","3","5","1",0,NA,NA,NA,NA,NA,NA,NA,0,NA,NA,NA,NA,NA,NA,NA,NA,NA,83,NA,NA,NA,NA,NA,NA,5,NA,NA,NA,NA,NA,9,NA
"Algonquin Adit #3","Copper","235","5","4","1",0,NA,NA,NA,NA,NA,NA,NA,0,NA,NA,NA,NA,NA,NA,NA,NA,NA,NA,NA,NA,NA,NA,NA,NA,NA,NA,NA,NA,NA,NA,NA,NA
"Algonquin Adit #4",NA,NA,NA,NA,NA,NA,NA,NA,NA,NA,NA,NA,NA,NA,NA,NA,NA,NA,NA,NA,NA,NA,NA,0,NA,NA,NA,NA,NA,NA,NA,NA,NA,NA,NA,NA,NA,NA
"Arch Cave","Limestone",NA,NA,NA,NA,0,NA,NA,NA,NA,NA,NA,NA,NA,NA,NA,NA,NA,NA,NA,NA,NA,0,NA,NA,NA,NA,NA,NA,NA,NA,NA,NA,NA,NA,NA,NA,NA
"Aztec East Adit","Copper","80","5","7","1",NA,NA,NA,NA,NA,NA,NA,1,NA,NA,NA,NA,NA,NA,NA,NA,NA,NA,1,NA,NA,NA,NA,NA,NA,NA,NA,NA,NA,NA,NA,NA,NA
"Aztec Mine","Copper","95","6","8","1",1,NA,NA,NA,NA,NA,NA,11,NA,NA,2,NA,NA,NA,NA,NA,NA,NA,NA,2,NA,NA,NA,NA,NA,NA,NA,NA,NA,NA,NA,NA,NA
"Aztec New Opening","Copper","25",NA,NA,NA,NA,NA,NA,NA,NA,NA,NA,NA,NA,NA,NA,NA,NA,NA,NA,NA,NA,NA,NA,NA,NA,NA,NA,NA,NA,NA,NA,NA,NA,NA,NA,NA,NA
"Aztec Upper Drift","Copper","95","5","7","1",0,NA,NA,NA,NA,NA,NA,0,NA,NA,NA,NA,NA,NA,NA,NA,NA,NA,NA,0,NA,NA,NA,NA,NA,NA,NA,NA,NA,NA,NA,NA,NA
"B-95 (cave)","Dolomite",NA,NA,NA,NA,0,NA,NA,NA,NA,NA,NA,NA,NA,NA,NA,NA,NA,NA,NA,NA,NA,NA,NA,NA,NA,NA,NA,NA,0,0,NA,NA,NA,NA,NA,NA,NA
"Bad Breath Cave","Limestone",NA,NA,NA,"1",0,NA,NA,NA,NA,NA,NA,NA,NA,NA,NA,NA,NA,NA,NA,NA,NA,0,NA,NA,NA,NA,NA,NA,NA,NA,NA,NA,NA,NA,NA,NA,NA
"Bate's Mine","Iron","NA",NA,NA,"0",1,NA,NA,NA,NA,NA,NA,NA,NA,NA,NA,NA,NA,0,NA,NA,NA,NA,NA,NA,NA,NA,NA,NA,NA,NA,NA,NA,NA,NA,NA,NA,NA
"Bear Cave","Tufa",NA,"1","2","1",0,NA,NA,NA,NA,NA,NA,NA,NA,NA,NA,NA,NA,19,NA,NA,NA,NA,NA,NA,4,5,1,NA,0,NA,0,NA,NA,NA,NA,NA,NA
"Beaten's Cave","Copper","60","4","3.5","1",0,NA,NA,NA,NA,NA,NA,68,NA,NA,NA,NA,NA,NA,NA,NA,NA,98,NA,103,NA,101,NA,NA,NA,NA,NA,8,6,4,3,NA,NA
"Beaver Boardman Adit","?",NA,NA,"15","1",0,NA,NA,NA,NA,NA,NA,NA,NA,NA,NA,NA,NA,NA,NA,NA,NA,NA,NA,NA,NA,NA,NA,NA,NA,NA,NA,NA,NA,NA,NA,NA,NA
"Belt Mine","Copper",NA,NA,NA,NA,NA,NA,NA,NA,NA,NA,NA,NA,NA,NA,NA,NA,NA,NA,NA,NA,NA,NA,NA,NA,NA,NA,NA,NA,1083,1093,NA,568,NA,775,NA,972,NA
"Bumblebee Mine","Copper","10","0.5","5","1",0,NA,NA,NA,NA,NA,NA,NA,NA,NA,NA,NA,NA,NA,NA,5189,NA,NA,NA,NA,NA,NA,NA,812,NA,NA,NA,NA,NA,NA,NA,NA,NA
"Caledonia Adit","Copper","40","10","15","1",0,NA,NA,NA,NA,NA,NA,NA,NA,NA,NA,NA,NA,NA,NA,NA,NA,0,NA,NA,NA,NA,NA,NA,NA,NA,NA,NA,NA,NA,NA,NA,NA
"Caledonia Mine Complex","Copper","90","0","0",NA,NA,NA,NA,NA,NA,NA,NA,NA,NA,NA,NA,NA,NA,NA,NA,NA,NA,NA,NA,NA,NA,NA,NA,NA,NA,NA,NA,NA,NA,NA,NA,NA,54404
"Cave in the Woods","Limestone",NA,"5","25","1",0,NA,NA,NA,NA,NA,NA,NA,NA,NA,NA,NA,NA,NA,NA,NA,NA,0,NA,NA,NA,NA,NA,NA,NA,NA,NA,NA,NA,NA,NA,NA,NA
"Chatam Mine","Iron","NA",NA,NA,"?",1,NA,NA,NA,NA,NA,NA,NA,NA,NA,NA,NA,NA,NA,NA,NA,NA,NA,NA,NA,NA,NA,NA,NA,NA,NA,NA,NA,NA,NA,NA,NA,NA
"Child's Adit","Copper","115","2.5","2.5","1",0,NA,NA,NA,NA,NA,31,NA,NA,NA,NA,NA,NA,NA,NA,NA,NA,NA,132,NA,NA,NA,NA,NA,8,NA,NA,17,NA,NA,NA,22,NA
"Colby Mine","Iron","NA",NA,NA,"0",0,NA,NA,NA,NA,NA,NA,NA,NA,NA,NA,NA,NA,NA,NA,NA,NA,NA,NA,NA,NA,NA,NA,NA,NA,NA,NA,NA,NA,NA,NA,NA,NA
"Collin's Adit","Copper","80","5","6","1",0,NA,NA,NA,NA,NA,NA,1,NA,NA,NA,NA,NA,NA,NA,NA,NA,NA,NA,NA,NA,0,NA,NA,NA,0,NA,NA,NA,NA,NA,NA,NA
"Copper Falls Mine","Copper","NA","2","2","9",1,NA,NA,NA,NA,NA,NA,NA,11483,NA,NA,NA,NA,NA,NA,NA,NA,NA,NA,NA,NA,NA,NA,NA,NA,0,NA,NA,NA,NA,NA,NA,NA
"Copper Peak Adit","Copper","335","5","6","1",0,NA,NA,NA,NA,NA,NA,NA,NA,NA,NA,NA,NA,NA,0,NA,NA,NA,1,NA,NA,NA,NA,NA,NA,NA,NA,NA,NA,NA,NA,NA,NA
"County Line Adit","Copper","205","5","5","1",0,NA,NA,NA,NA,NA,0,NA,NA,NA,NA,NA,NA,NA,NA,NA,NA,NA,0,NA,NA,NA,NA,NA,NA,NA,NA,NA,NA,NA,NA,NA,NA
"Cushman Adit","Copper",NA,"2","1.5","1",0,NA,NA,NA,NA,NA,NA,NA,NA,NA,NA,NA,NA,NA,NA,NA,NA,NA,NA,820,NA,NA,708,NA,20,NA,28,NA,NA,NA,NA,NA,NA
"Cyclops A","Iron",NA,"50","18","1",0,NA,NA,NA,NA,NA,NA,NA,NA,NA,NA,NA,NA,NA,NA,NA,NA,NA,NA,NA,NA,0,NA,NA,NA,NA,NA,NA,NA,NA,NA,NA,NA
"Cyclops B","Iron",NA,"3","5","1",0,NA,NA,NA,NA,NA,NA,NA,NA,NA,NA,NA,NA,NA,NA,NA,NA,NA,NA,NA,NA,0,NA,NA,NA,NA,NA,NA,NA,NA,NA,NA,NA
"Cyclops C","Iron",NA,"50","15","1",0,NA,NA,NA,NA,NA,NA,NA,NA,NA,NA,NA,NA,NA,NA,NA,NA,NA,NA,NA,NA,0,NA,NA,NA,NA,NA,NA,NA,NA,NA,NA,NA
"Delaware Mine","Copper","0","5","1","1",1,NA,NA,NA,NA,NA,1702,NA,NA,NA,NA,NA,NA,NA,NA,NA,NA,NA,NA,2352,2664,2587,3583,841,862,700,1297,1465,1491,2322,1382,NA,NA
"Derby Adit","Copper","80","4","4","1",0,NA,NA,NA,NA,NA,NA,NA,NA,NA,NA,NA,NA,NA,NA,NA,NA,234,NA,NA,146,235,228,130,NA,NA,32,NA,NA,44,23,NA,216
"Derby Shaft","Copper","330","8","10","0",1,NA,NA,NA,NA,NA,NA,NA,NA,NA,NA,NA,NA,NA,NA,NA,NA,0,NA,NA,NA,NA,NA,NA,NA,NA,NA,NA,NA,NA,NA,NA,NA
"Detroit Gold + Silver Co. Adit","Gold","330",NA,"6","1",0,NA,NA,NA,NA,NA,NA,NA,NA,NA,NA,NA,NA,NA,NA,NA,NA,NA,NA,NA,NA,NA,NA,NA,NA,NA,NA,NA,NA,NA,NA,NA,NA
"Detroit Salt Mine","Halite",NA,NA,NA,"1",2,NA,NA,NA,NA,NA,NA,NA,NA,NA,NA,NA,NA,NA,NA,NA,NA,NA,NA,NA,NA,NA,NA,NA,0,NA,NA,NA,NA,NA,NA,NA,NA
"Devil's Kitchen","Limestone",NA,NA,NA,"1",0,NA,NA,NA,NA,NA,NA,NA,NA,NA,NA,NA,NA,NA,NA,NA,NA,0,NA,NA,NA,NA,NA,NA,NA,NA,NA,NA,NA,NA,NA,NA,NA
"Devon Mine","Copper",NA,"NA","NA","1",0,NA,NA,NA,NA,NA,NA,NA,NA,NA,NA,NA,NA,NA,NA,NA,NA,NA,NA,NA,NA,NA,NA,NA,NA,NA,NA,NA,NA,NA,NA,NA,NA
"Disgusting Cave","Limestone",NA,NA,NA,"1",0,NA,NA,NA,NA,NA,NA,NA,NA,NA,NA,NA,NA,NA,NA,NA,NA,NA,NA,NA,NA,NA,NA,NA,NA,NA,NA,NA,NA,NA,NA,NA,NA
"Douglas Houghton Adit #1","Copper",NA,"4","4",NA,NA,1,NA,NA,NA,NA,3,NA,NA,NA,NA,NA,NA,NA,NA,NA,NA,NA,NA,NA,NA,NA,1,NA,NA,NA,NA,NA,NA,NA,NA,0,NA
"Douglas Houghton Adit #2","Copper",NA,NA,NA,"1",0,0,NA,NA,NA,NA,NA,NA,NA,NA,NA,NA,NA,NA,NA,NA,NA,NA,NA,NA,NA,NA,NA,NA,NA,NA,NA,NA,NA,NA,NA,NA,NA
"Eagle Point Cave","Limestone",NA,"15","7","1",0,NA,NA,NA,NA,NA,NA,NA,NA,NA,NA,NA,NA,NA,NA,NA,NA,0,NA,NA,NA,NA,NA,NA,NA,NA,NA,NA,NA,NA,NA,NA,NA
"Eagle River Adit  1 (Lake Superior & Phoenix)","Copper","270","2","2","1",0,NA,NA,NA,NA,NA,37,NA,NA,NA,NA,NA,NA,NA,36,NA,NA,NA,31,NA,37,NA,NA,12,NA,NA,NA,10,NA,NA,NA,NA,NA
"Eagle River Adit 2 (Lake Superior & Phoenix)","Copper","255","5","8","1",0,NA,NA,NA,NA,NA,NA,NA,NA,NA,0,NA,NA,NA,NA,NA,NA,NA,4,NA,0,NA,NA,0,NA,NA,NA,NA,NA,NA,NA,NA,NA
"Eagle River Adit 3 (Lake Superior & Phoenix)","Copper","330","4","4","1",0,NA,NA,NA,NA,NA,NA,NA,NA,NA,NA,NA,NA,NA,5,NA,NA,NA,12,NA,26,NA,13,NA,0,NA,NA,NA,NA,NA,NA,NA,NA
"East Evergreen 1","Copper","285","6","10","1",0,NA,NA,NA,NA,NA,NA,NA,NA,NA,NA,NA,NA,NA,NA,NA,NA,NA,0,NA,NA,NA,NA,NA,NA,NA,NA,NA,NA,NA,NA,NA,NA
"East Evergreen 3","Copper","295","6","20","1",NA,NA,NA,NA,NA,NA,NA,NA,NA,NA,NA,NA,NA,NA,NA,NA,NA,NA,0,NA,NA,NA,NA,NA,NA,NA,NA,NA,NA,NA,NA,NA,NA
"East Evergreen 5","Copper",NA,NA,NA,NA,NA,NA,NA,NA,NA,NA,NA,NA,NA,NA,NA,NA,NA,NA,NA,NA,NA,NA,NA,NA,NA,NA,NA,NA,NA,NA,NA,NA,NA,NA,NA,NA,NA
"East Evergreen 7","Copper","240","6","15","1",NA,NA,NA,NA,NA,NA,NA,NA,NA,NA,NA,NA,NA,NA,NA,NA,NA,NA,0,NA,NA,NA,NA,NA,NA,NA,NA,NA,NA,NA,NA,NA,NA
"East Evergreen Bluff Mine  (2, 4, 6)","Copper","295",NA,NA,"1",0,NA,NA,NA,NA,NA,NA,NA,NA,NA,NA,5,NA,NA,NA,NA,NA,NA,NA,NA,NA,NA,NA,NA,NA,NA,NA,NA,NA,NA,NA,NA,NA
"Eben Ice Caves","NA",NA,NA,NA,NA,NA,NA,NA,NA,NA,NA,NA,NA,NA,NA,NA,NA,NA,NA,NA,NA,NA,NA,NA,NA,NA,NA,0,NA,NA,NA,NA,NA,NA,NA,NA,NA,NA
"Eureka Mine (Norwich area)","Copper","245","3","5","1",0,NA,NA,NA,NA,NA,NA,0,NA,NA,NA,NA,NA,NA,NA,NA,NA,NA,NA,NA,NA,NA,NA,NA,NA,NA,NA,NA,NA,NA,NA,NA,NA
"Eureka Shaft #3","Iron","999",NA,NA,"0",1,NA,NA,NA,NA,NA,NA,NA,NA,NA,NA,NA,NA,0,NA,NA,NA,NA,NA,NA,NA,NA,NA,NA,NA,NA,NA,NA,NA,NA,NA,NA,NA
"Farm Mine Shaft A","Copper","330",NA,NA,"0",1,NA,NA,NA,NA,NA,NA,NA,NA,NA,NA,0,NA,NA,NA,NA,NA,NA,NA,NA,NA,NA,NA,NA,NA,NA,NA,NA,NA,NA,NA,NA,NA
"Farm Mine Shaft B","Copper","330",NA,NA,"0",1,NA,NA,NA,NA,NA,NA,NA,NA,NA,NA,0,NA,NA,NA,NA,NA,NA,NA,NA,NA,NA,NA,NA,NA,NA,NA,NA,NA,NA,NA,NA,NA
"Fenwick's Cache","Cave",NA,"3","2.5","1",0,NA,NA,NA,NA,NA,NA,NA,NA,NA,NA,NA,NA,NA,NA,NA,NA,0,NA,NA,NA,NA,NA,NA,NA,NA,NA,NA,NA,NA,NA,NA,NA
"Firesteel Mine","Copper",NA,"7","6","1",1,NA,NA,NA,NA,NA,NA,0,NA,NA,NA,NA,NA,NA,NA,NA,NA,NA,NA,NA,NA,NA,NA,NA,NA,NA,NA,NA,NA,NA,NA,NA,NA
"Flintsteel Adit","Copper",NA,"6","6","1",0,NA,NA,NA,NA,NA,NA,497,NA,NA,NA,NA,NA,NA,NA,NA,NA,98,NA,98,NA,97,129,198,NA,NA,2,NA,NA,NA,NA,NA,NA
"Ford Exploratory Adit","Iron","90","7","12","1",0,NA,NA,NA,NA,NA,NA,NA,NA,NA,NA,NA,NA,NA,NA,NA,NA,NA,NA,NA,NA,NA,45,NA,8,1,1,NA,NA,NA,NA,NA,NA
"Fort Custer Tunnels","Tunnel",NA,NA,NA,"1",0,NA,NA,NA,NA,NA,NA,NA,NA,NA,NA,NA,NA,NA,NA,NA,NA,NA,NA,NA,NA,NA,0,NA,NA,NA,NA,NA,NA,NA,NA,NA,NA
"Galena Mine","Iron","180","6","6","1",0,NA,NA,NA,NA,NA,NA,NA,NA,NA,NA,NA,NA,NA,1,NA,NA,NA,NA,NA,NA,NA,NA,NA,NA,NA,NA,NA,NA,NA,NA,NA,NA
"Glen Adit #1","Copper","265","5","6","1",0,NA,NA,NA,NA,NA,NA,551,NA,NA,NA,NA,NA,NA,NA,NA,NA,617,NA,590,NA,306,NA,NA,NA,NA,NA,1,44,22,47,NA,NA
"Glen Adit #2","Copper","260","4","6","1",0,NA,NA,NA,NA,NA,NA,2,NA,NA,NA,NA,NA,NA,NA,NA,NA,NA,NA,1,NA,NA,NA,NA,NA,NA,NA,NA,NA,NA,NA,NA,NA
"Glen Adit #3","Copper","345","5","10","1",0,NA,NA,NA,NA,NA,NA,0,NA,NA,NA,NA,NA,NA,NA,NA,NA,NA,NA,1,NA,NA,NA,NA,NA,NA,NA,NA,NA,NA,NA,NA,NA
"Goodrich Adit A","Iron","310","3","4","1",0,NA,NA,NA,NA,NA,NA,NA,NA,NA,NA,NA,NA,NA,NA,NA,NA,NA,1,NA,NA,NA,NA,NA,NA,NA,NA,NA,NA,NA,NA,NA,NA
"Goodrich Adit B","Iron","285","6","7","1",0,NA,NA,NA,NA,NA,NA,NA,NA,NA,NA,NA,NA,NA,NA,NA,NA,NA,15,NA,NA,NA,NA,NA,NA,NA,NA,NA,NA,NA,NA,NA,NA
"Goodrich Mine Tunnel","Iron","280","10","15","1",0,NA,NA,NA,NA,NA,NA,NA,NA,NA,NA,NA,NA,NA,NA,NA,NA,NA,NA,NA,NA,NA,NA,NA,NA,NA,NA,NA,NA,NA,NA,NA,NA
"Hammel Creek Railroad Tunnel","Tunnel","270","8","10","1",0,NA,NA,NA,NA,NA,NA,NA,NA,NA,NA,NA,NA,NA,NA,NA,NA,NA,NA,NA,NA,NA,0,NA,NA,NA,NA,NA,NA,NA,NA,NA,NA
"Hancock Mine (Dupee Shaft)","Copper",NA,NA,NA,NA,1,NA,NA,NA,NA,NA,NA,NA,NA,NA,NA,NA,NA,NA,NA,NA,NA,NA,NA,NA,NA,NA,NA,NA,NA,NA,NA,NA,NA,NA,NA,NA,NA
"Hendrie River Water Cave","Limestone",NA,NA,NA,"1",0,NA,NA,NA,NA,NA,NA,NA,NA,NA,NA,NA,NA,NA,NA,NA,46,135,68,102,97,39,NA,1,1,NA,1,NA,NA,NA,NA,NA,NA
"Henwood Mine (Douglas Houghton)","Copper","226","3","5","1",1,NA,NA,NA,NA,NA,0,NA,NA,NA,NA,NA,NA,NA,NA,NA,NA,NA,NA,NA,NA,NA,NA,NA,NA,NA,NA,NA,NA,NA,NA,NA,NA
"Hilton (Shaft 1)","Copper",NA,"5","10","1",1,NA,NA,NA,NA,NA,NA,0,NA,NA,NA,NA,NA,NA,NA,NA,NA,NA,5,NA,NA,NA,NA,NA,NA,0,NA,NA,NA,NA,NA,NA,NA
"Hilton Ohio (Hilton #5 Adit)","Copper","255","6","6","1",0,NA,NA,NA,NA,NA,NA,0,NA,NA,0,NA,NA,NA,NA,NA,NA,NA,0,NA,NA,NA,NA,NA,NA,NA,NA,NA,NA,NA,NA,NA,NA
"Hole-in-the-Wall Adit","Copper","50",NA,NA,"1",0,NA,NA,NA,NA,NA,NA,NA,0,NA,NA,NA,NA,NA,NA,NA,NA,NA,NA,NA,NA,NA,NA,NA,NA,NA,NA,NA,NA,NA,NA,NA,NA
"Indiana Mine","Copper","233","7","12","1",1,NA,NA,NA,NA,NA,NA,NA,NA,0,NA,NA,NA,4,NA,NA,NA,NA,NA,NA,NA,NA,NA,NA,NA,NA,NA,NA,NA,NA,NA,37,NA
"Iron Mountain Iron Mine (Tourist Mine)","Iron",NA,NA,NA,"2",2,NA,NA,NA,NA,NA,NA,NA,NA,NA,NA,NA,NA,NA,NA,NA,18713,NA,NA,NA,23888,NA,NA,NA,1103,NA,510,NA,NA,NA,NA,770,NA
"Isabella Mine","Iron",NA,NA,NA,"?",0,NA,NA,NA,NA,NA,NA,NA,NA,NA,NA,NA,NA,NA,NA,NA,NA,NA,NA,NA,NA,NA,NA,NA,NA,NA,NA,NA,NA,NA,NA,NA,NA
"Jackson Mine, A Working","Iron","90","20","75","1",0,NA,NA,NA,NA,NA,NA,NA,NA,NA,NA,NA,NA,NA,NA,NA,NA,NA,NA,0,NA,NA,NA,NA,NA,NA,NA,NA,NA,NA,NA,NA,NA
"Jackson Mine, B Working","Iron",NA,"6","9","1",0,NA,NA,NA,NA,NA,NA,NA,NA,NA,NA,NA,NA,NA,NA,NA,NA,NA,NA,5,NA,NA,NA,NA,NA,0,NA,NA,NA,NA,NA,NA,NA
"Jackson Mine, Pit 1, Adit 1","Iron","240","8","10","1",0,NA,NA,NA,NA,NA,NA,NA,NA,NA,NA,NA,NA,NA,NA,NA,NA,NA,2,NA,NA,NA,NA,NA,NA,NA,NA,NA,NA,NA,NA,NA,NA
"Jackson Mine, Pit 4, Adit 3","Iron","240","8","8","1",0,NA,NA,NA,NA,NA,NA,NA,NA,NA,NA,NA,NA,NA,NA,NA,NA,NA,0,NA,NA,NA,NA,NA,NA,NA,NA,NA,NA,NA,NA,NA,NA
"Jackson Mine, Pit 4, Tunnel, Adit 2","Iron","240",NA,NA,"1",0,NA,NA,NA,NA,NA,NA,NA,NA,NA,NA,NA,NA,NA,NA,NA,NA,NA,0,NA,NA,NA,NA,NA,NA,NA,NA,NA,NA,NA,NA,NA,NA
"Jackson Mine, Tram Tunnel","Iron","330","10","10","1",0,NA,NA,NA,NA,NA,NA,NA,NA,NA,NA,NA,NA,NA,NA,NA,NA,NA,NA,18,NA,NA,NA,NA,NA,6,NA,NA,NA,NA,NA,NA,NA
"Jackson Mine, Tram Tunnel Exit","Iron","150","7","10","1",0,NA,NA,NA,NA,NA,NA,NA,NA,NA,NA,NA,NA,NA,NA,NA,NA,NA,NA,6,NA,NA,NA,NA,NA,0,NA,NA,NA,NA,NA,NA,NA
"Jones' Adit","Iron","30","1.5","5","1",0,NA,NA,NA,NA,NA,NA,NA,NA,NA,NA,NA,NA,NA,NA,257,438,NA,411,293,314,435,728,694,2,17,25,NA,NA,NA,NA,NA,NA
"Keel Ridge Mine","Iron","300","6","5","1",0,NA,NA,NA,NA,NA,242,NA,NA,NA,NA,NA,393,NA,NA,267,203,290,262,NA,222,300,587,221,45,NA,103,NA,107,NA,30,18,NA
"Keel Ridge New Adit","iron","30","4","10","1",0,NA,NA,NA,NA,NA,NA,NA,NA,NA,NA,NA,NA,NA,NA,NA,NA,NA,NA,NA,0,NA,NA,NA,NA,NA,NA,NA,NA,NA,NA,NA,NA
"Keel Ridge Shaft","iron","NA","7","7","1",2,NA,NA,NA,NA,NA,NA,NA,NA,NA,NA,NA,NA,NA,NA,NA,NA,NA,NA,NA,784,NA,NA,593,54,112,NA,NA,NA,NA,150,370,NA
"Knowlton Mine","Copper",NA,NA,NA,NA,0,NA,NA,NA,NA,NA,NA,NA,NA,NA,NA,NA,NA,NA,NA,NA,NA,NA,NA,NA,NA,NA,NA,NA,NA,NA,NA,NA,NA,NA,NA,NA,NA
"Kochab Cave","Limestone",NA,NA,NA,"0",0,3,1,NA,NA,NA,NA,NA,NA,NA,NA,NA,NA,NA,NA,NA,NA,NA,NA,NA,NA,NA,NA,NA,NA,NA,NA,NA,NA,NA,NA,NA,NA
"Lafayette East Adit","Copper","360","6","4","1",0,NA,NA,NA,NA,NA,NA,NA,NA,NA,NA,NA,NA,NA,NA,NA,NA,NA,0,NA,NA,NA,0,NA,0,NA,NA,NA,NA,NA,NA,NA,NA
"Lafayette East Shaft","Copper","330","2","5","1",0,NA,NA,NA,NA,NA,NA,NA,NA,NA,NA,NA,NA,2259,NA,NA,NA,NA,2804,NA,NA,NA,2582,NA,442,NA,NA,NA,NA,NA,1103,NA,NA
"Lafayette West Adit","Copper","315","2.5","4","1",0,NA,NA,NA,NA,NA,NA,NA,NA,NA,NA,NA,NA,7,NA,NA,NA,NA,4,NA,NA,NA,18,NA,6,NA,NA,NA,NA,NA,NA,NA,NA
"Lafayette West Shaft","Copper","345","2","5","1",0,NA,NA,NA,NA,NA,NA,NA,NA,NA,NA,NA,NA,34,NA,NA,NA,NA,52,NA,NA,NA,55,NA,10,NA,NA,NA,NA,NA,NA,NA,NA
"Lake Shaft","Copper","NA",NA,NA,"0",1,NA,NA,NA,NA,NA,NA,NA,NA,NA,NA,NA,NA,NA,NA,NA,NA,NA,NA,NA,NA,NA,NA,NA,NA,NA,NA,NA,NA,NA,NA,NA,NA
"Mackinac Bridge, North Pier","NA",NA,NA,NA,NA,NA,NA,NA,NA,0,NA,NA,NA,NA,NA,NA,NA,NA,NA,NA,NA,NA,NA,NA,NA,NA,NA,NA,NA,NA,NA,NA,NA,NA,NA,NA,NA,NA
"Mackinac Bridge, South Pier","NA",NA,NA,NA,NA,NA,NA,NA,NA,0,NA,NA,NA,NA,NA,NA,NA,NA,NA,NA,NA,NA,NA,NA,NA,NA,NA,NA,NA,NA,NA,NA,NA,NA,NA,NA,NA,NA
"Mass  C Adit","Copper","50","5","7","1",0,NA,NA,NA,NA,NA,NA,NA,NA,NA,NA,NA,NA,172,NA,NA,NA,NA,109,NA,113,160,NA,NA,NA,NA,NA,11,11,6,7,NA,NA
"Mass Mine (C Shaft)","Copper",NA,NA,NA,NA,0,NA,NA,NA,NA,NA,NA,NA,NA,NA,NA,NA,NA,NA,NA,NA,NA,NA,NA,NA,NA,NA,NA,NA,NA,NA,NA,NA,NA,NA,NA,NA,NA
"Mastodon #2 Shaft","Iron",NA,NA,NA,NA,NA,NA,NA,NA,NA,NA,NA,NA,NA,NA,NA,NA,NA,NA,NA,NA,NA,NA,NA,NA,NA,NA,NA,NA,NA,NA,NA,NA,NA,NA,NA,NA,NA
"Mead Adit of Carp Lake Mine","Copper","180","2","2","1",0,NA,NA,NA,NA,NA,13539,14046,NA,16735,NA,NA,13342,NA,NA,NA,17508,NA,19263,NA,17700,NA,15971,NA,92,NA,208,NA,513,486,546,700,NA
"Merchant Mine","Copper","170","2","2","2",0,NA,NA,NA,NA,NA,NA,NA,NA,NA,NA,NA,NA,NA,NA,NA,208,NA,217,214,NA,NA,NA,NA,48,12,NA,NA,NA,38,33,NA,NA
"Merchant's Adit North","Copper","270","2.25","1.5","1",NA,NA,NA,NA,NA,NA,NA,5,NA,NA,NA,NA,NA,NA,NA,NA,NA,16,NA,NA,NA,NA,NA,NA,0,NA,NA,NA,NA,NA,NA,NA,NA
"Merchant's Adit South","Copper","270","5","7","1",0,NA,NA,NA,NA,NA,NA,1,NA,NA,NA,NA,NA,NA,NA,NA,NA,16,NA,NA,NA,NA,NA,NA,0,NA,NA,NA,NA,NA,NA,NA,NA
"Merriweather Shaft 1","Copper",NA,NA,NA,"0",1,NA,NA,NA,NA,NA,NA,NA,NA,NA,NA,NA,NA,NA,NA,NA,NA,NA,NA,NA,NA,NA,NA,NA,NA,NA,NA,NA,NA,NA,NA,NA,NA
"Merriweather Shaft 2","Copper",NA,"6","10","0",1,NA,NA,NA,NA,NA,NA,NA,NA,NA,NA,NA,NA,NA,NA,NA,NA,NA,NA,NA,NA,NA,NA,NA,NA,NA,NA,NA,NA,NA,NA,NA,NA
"Merriweather Shaft 3","Copper","350","6","10","1",1,NA,NA,NA,NA,NA,NA,NA,NA,NA,NA,NA,NA,NA,NA,NA,NA,NA,NA,NA,NA,NA,NA,NA,NA,NA,NA,NA,NA,NA,NA,NA,0
"Michigan (A Shaft)","Copper","NA","2.5","2.5",">1",1,NA,NA,NA,NA,NA,NA,NA,NA,NA,1610,NA,NA,NA,NA,NA,NA,NA,NA,NA,NA,NA,NA,NA,NA,NA,NA,NA,NA,NA,NA,NA,NA
"Millie Mine","Iron","NA",NA,NA,"3",1,NA,NA,NA,NA,NA,NA,NA,NA,NA,NA,NA,NA,NA,NA,NA,5390,NA,NA,NA,NA,NA,NA,NA,NA,NA,NA,2765,NA,NA,NA,NA,NA
"Nassau Mine","Copper","270",NA,NA,"1",0,NA,NA,NA,NA,NA,NA,NA,NA,NA,NA,NA,NA,NA,4634,NA,NA,NA,NA,NA,NA,NA,NA,NA,NA,NA,NA,NA,NA,NA,NA,NA,NA
"National Mine #3","Copper","330","15","20","1",1,NA,NA,NA,NA,NA,NA,NA,NA,NA,0,NA,NA,NA,NA,NA,NA,NA,NA,NA,NA,NA,NA,NA,NA,NA,NA,NA,NA,NA,NA,NA,NA
"National Mine #7","Copper","360","10","20","1",0,NA,NA,NA,NA,NA,NA,969,NA,NA,NA,NA,NA,NA,NA,NA,NA,NA,NA,NA,NA,NA,NA,NA,NA,NA,194,NA,NA,NA,NA,NA,NA
"Nebraska Mine","Copper",NA,"7","12","1",0,NA,NA,NA,NA,NA,NA,NA,NA,NA,NA,NA,NA,NA,NA,NA,NA,NA,NA,NA,NA,NA,NA,NA,NA,NA,NA,NA,NA,NA,NA,NA,NA
"New Algoma","Copper","NA","NA","NA","0",0,NA,NA,NA,NA,NA,NA,0,NA,NA,NA,NA,NA,NA,NA,NA,NA,NA,NA,NA,NA,NA,NA,NA,NA,NA,NA,NA,NA,NA,NA,NA,NA
"New Indiana Shaft",NA,"NA","17","17","0",1,NA,NA,NA,NA,NA,NA,NA,NA,NA,NA,NA,NA,NA,NA,NA,NA,NA,NA,NA,NA,NA,NA,NA,NA,NA,NA,NA,NA,NA,NA,NA,NA
"North American Adit","Copper","325","3","6","1",0,NA,NA,NA,NA,NA,1,NA,NA,NA,5,NA,NA,NA,NA,NA,NA,NA,NA,NA,NA,NA,2,0,NA,NA,NA,NA,NA,NA,NA,NA,NA
"North Belt Mine","Copper","37","3","5","2",2,NA,NA,NA,NA,NA,NA,588,NA,NA,NA,1118,NA,NA,NA,NA,1054,NA,1120,NA,NA,NA,NA,NA,NA,NA,NA,NA,NA,NA,NA,NA,NA
"North Cliff Mine (Shaft #3?)","Copper","NA","3.5","2.5","2",1,NA,NA,NA,NA,NA,2958,NA,NA,NA,NA,NA,NA,NA,NA,NA,NA,NA,NA,NA,NA,NA,NA,29,NA,NA,NA,NA,NA,NA,NA,26,NA
"North Lake Mine","Copper","NA","10","20","1",1,NA,NA,NA,NA,NA,NA,NA,NA,NA,NA,NA,NA,NA,NA,NA,NA,NA,NA,NA,NA,NA,NA,NA,NA,NA,NA,NA,NA,NA,NA,NA,0
"Norway Mine","Iron",NA,"6","20","2",0,NA,NA,NA,NA,NA,23855,18781,NA,NA,NA,NA,16676,NA,NA,NA,NA,NA,NA,NA,NA,NA,NA,NA,8459,NA,4909,NA,NA,NA,9535,NA,NA
"Norwich D (MacDonald Shaft)","Copper","999","8","10","0",1,NA,NA,NA,NA,NA,NA,NA,NA,NA,NA,0,NA,NA,NA,NA,NA,NA,NA,NA,NA,NA,NA,NA,NA,NA,NA,NA,NA,NA,NA,NA,NA
"Ogimaw Adit","Copper","345","5","7","1",0,NA,NA,NA,NA,NA,NA,NA,NA,NA,NA,NA,NA,28,NA,NA,NA,NA,23,NA,21,NA,NA,NA,4,NA,2,NA,NA,NA,NA,NA,NA
"Ogimaw Mine","Copper",NA,NA,NA,"1",0,NA,NA,NA,NA,NA,NA,407,NA,NA,NA,NA,NA,NA,NA,NA,NA,NA,NA,NA,NA,NA,NA,NA,NA,NA,NA,NA,NA,NA,NA,NA,NA
"Ohio Traprock #61","Copper",NA,"6","5","1",0,NA,NA,NA,NA,NA,NA,NA,NA,NA,NA,NA,NA,NA,NA,NA,NA,NA,NA,NA,NA,NA,0,0,0,NA,0,NA,NA,NA,NA,NA,NA
"Ohio Traprock Mine #1","Copper","355","4","6","1",0,NA,NA,NA,NA,NA,NA,149,NA,NA,NA,NA,NA,NA,NA,NA,NA,NA,NA,NA,NA,NA,NA,NA,NA,74,NA,NA,NA,NA,NA,NA,NA
"Ohio Traprock Mine #2","Copper","340","2","2","1",0,NA,NA,NA,NA,NA,NA,654,NA,NA,NA,NA,NA,NA,NA,NA,NA,NA,NA,NA,NA,274,NA,NA,NA,49,NA,NA,NA,NA,NA,NA,NA
"Ohio Traprock Mine #3","Copper","34","8","12","1",1,NA,NA,NA,NA,NA,NA,13,NA,NA,NA,NA,NA,NA,NA,NA,NA,NA,NA,NA,NA,NA,NA,NA,NA,8,NA,NA,NA,NA,NA,NA,NA
"Ohio Traprock Mine #59 (Norwich Adit)","Copper","302","8","4","1",0,NA,NA,NA,NA,NA,NA,NA,NA,NA,NA,NA,NA,NA,NA,NA,NA,0,NA,NA,6,NA,1,0,0,NA,0,NA,NA,NA,NA,NA,NA
"Ohio Traprock Mine #60 (Norwich Adit)","Copper","302","6","4.5","1",0,NA,NA,NA,NA,NA,291,NA,NA,NA,NA,NA,NA,NA,NA,NA,247,305,NA,NA,270,299,188,74,50,NA,37,NA,NA,NA,NA,NA,NA
"Old Caledonia Mine (south)","Copper",NA,NA,NA,NA,NA,NA,NA,NA,NA,NA,NA,NA,NA,NA,NA,NA,NA,NA,NA,NA,NA,NA,NA,NA,NA,NA,NA,NA,NA,NA,NA,NA,NA,NA,NA,NA,NA
"Old Flintsteel River Adit A","Copper","30","6","10","1",0,NA,NA,NA,NA,NA,NA,NA,NA,NA,NA,NA,NA,NA,NA,NA,NA,NA,0,NA,NA,NA,NA,NA,NA,NA,NA,NA,NA,NA,NA,NA,NA
"Old Flintsteel River Adit B","Copper","360","6","4","1",0,NA,NA,NA,NA,NA,NA,NA,NA,NA,NA,NA,NA,NA,214,NA,NA,250,264,NA,NA,NA,NA,NA,NA,3,2,NA,NA,NA,NA,NA,NA
"Old Penn Mine","Copper",NA,"6","6","1",1,NA,NA,NA,NA,NA,NA,NA,0,NA,NA,NA,NA,NA,NA,NA,NA,NA,NA,NA,NA,NA,NA,NA,NA,NA,NA,NA,NA,NA,NA,NA,NA
"Owl Creek Fissure (Old Copper Falls)","Copper",NA,"2","2","5",1,NA,NA,NA,NA,NA,NA,NA,NA,6606,NA,NA,NA,NA,NA,NA,NA,NA,NA,NA,NA,NA,NA,NA,NA,NA,NA,NA,NA,NA,NA,NA,NA
"Pabst Mine H Shaft","Iron",NA,NA,NA,"?",0,NA,NA,NA,NA,NA,NA,NA,NA,NA,NA,NA,NA,NA,NA,NA,NA,NA,NA,NA,NA,NA,NA,NA,NA,NA,NA,NA,NA,NA,NA,NA,NA
"Palms Mine Air Shaft","Iron",NA,NA,NA,"0",0,NA,NA,NA,NA,NA,NA,NA,NA,NA,NA,NA,NA,NA,NA,NA,NA,NA,NA,NA,NA,NA,NA,NA,NA,NA,NA,NA,NA,NA,NA,NA,NA
"Penninsular Adit","Copper",NA,NA,NA,"0",0,NA,NA,NA,NA,NA,NA,NA,NA,NA,NA,NA,NA,NA,NA,NA,NA,NA,NA,NA,NA,NA,NA,NA,NA,NA,NA,NA,NA,NA,NA,NA,NA
"Petherick","Copper",NA,NA,NA,NA,NA,NA,NA,NA,NA,NA,NA,NA,NA,NA,NA,NA,NA,NA,NA,NA,NA,NA,NA,NA,NA,NA,NA,NA,NA,NA,NA,NA,NA,NA,NA,NA,NA
"Pewabic Mine (Hancock)","Copper",NA,NA,NA,NA,NA,NA,NA,NA,NA,NA,NA,NA,NA,0,NA,NA,NA,NA,NA,NA,NA,NA,NA,NA,NA,NA,NA,NA,NA,NA,NA,NA,NA,NA,NA,NA,NA
"Pewabic Mine (Iron Mountain)","Iron",NA,"3","4","?",1,NA,NA,NA,NA,NA,32,NA,NA,NA,NA,NA,NA,NA,NA,NA,NA,NA,NA,NA,NA,NA,NA,NA,NA,NA,NA,NA,NA,NA,NA,NA,NA
"Piscatauqau Adit","Copper",NA,"2","2","1",0,NA,NA,NA,NA,NA,NA,89,NA,NA,NA,NA,NA,NA,NA,NA,NA,NA,NA,NA,NA,NA,NA,NA,NA,NA,NA,NA,NA,NA,NA,NA,NA
"Pittsburgh and Boston Shaft A","Copper",NA,NA,NA,NA,0,NA,NA,NA,NA,NA,NA,NA,NA,NA,NA,NA,NA,NA,NA,NA,NA,NA,NA,NA,NA,NA,NA,NA,NA,NA,NA,NA,NA,NA,NA,NA,NA
"Pittsburgh and Boston Shaft B","Copper",NA,NA,NA,NA,0,NA,NA,NA,NA,NA,NA,NA,NA,NA,NA,NA,NA,NA,NA,NA,NA,NA,NA,NA,NA,NA,NA,NA,NA,NA,NA,NA,NA,NA,NA,NA,NA
"Pittsburgh and Boston Shaft C","Copper",NA,NA,NA,NA,0,NA,NA,NA,NA,NA,NA,NA,NA,NA,NA,NA,NA,NA,NA,NA,NA,NA,NA,NA,NA,NA,NA,NA,NA,NA,NA,NA,NA,NA,NA,NA,NA
"Ponchartrain Shores Pit Cave","Limestone",NA,NA,NA,NA,1,NA,NA,NA,NA,NA,NA,NA,NA,NA,NA,NA,NA,NA,NA,NA,NA,NA,NA,NA,NA,NA,NA,NA,NA,NA,NA,NA,NA,NA,NA,NA,NA
"Port Austin Cave East","Sandstone",NA,"3","12","1",0,NA,NA,NA,NA,NA,NA,NA,NA,NA,NA,NA,NA,NA,NA,NA,NA,NA,NA,NA,NA,NA,NA,NA,NA,NA,NA,NA,NA,NA,NA,NA,NA
"Port Austin Cave West","Sandstone",NA,"3.5","40","1",0,NA,NA,NA,NA,NA,NA,NA,NA,NA,NA,NA,NA,NA,NA,NA,NA,NA,NA,NA,NA,NA,NA,NA,NA,NA,NA,NA,NA,NA,NA,NA,NA
"Quarry Cave","Limestone",NA,NA,NA,"1",0,NA,NA,NA,NA,NA,NA,NA,NA,NA,NA,NA,NA,NA,NA,NA,NA,NA,NA,NA,NA,NA,NA,NA,NA,NA,NA,NA,NA,NA,NA,NA,NA
"Quincy Mine Adit","Copper","340",NA,NA,"7",1,NA,NA,NA,NA,NA,NA,1,NA,NA,NA,NA,NA,NA,NA,NA,NA,NA,3691,NA,NA,NA,NA,NA,30,NA,NA,NA,NA,NA,NA,NA,0
"Quincy Shaft","Copper",NA,NA,NA,NA,NA,NA,NA,NA,NA,NA,NA,NA,NA,NA,NA,NA,NA,NA,NA,NA,NA,NA,NA,NA,NA,NA,NA,NA,NA,NA,NA,NA,NA,NA,NA,NA,NA
"Quinnesec Adit","Iron","30","2","3.5","1",0,NA,NA,NA,NA,NA,NA,NA,NA,NA,NA,NA,NA,NA,NA,NA,NA,2572,NA,NA,2554,NA,NA,NA,28,36,29,NA,NA,NA,NA,NA,NA
"Randville Quarry Mine","Dolomite",NA,"15","20","1",0,NA,NA,NA,NA,NA,0,NA,NA,NA,NA,NA,NA,NA,NA,NA,NA,NA,NA,NA,NA,2,NA,NA,NA,12,NA,NA,NA,NA,NA,NA,NA
"Ridge Adit","Copper","60","6","6","1",0,NA,NA,NA,NA,NA,NA,10,NA,NA,NA,NA,NA,NA,NA,NA,NA,NA,5,NA,0,NA,NA,NA,NA,0,NA,NA,NA,NA,NA,NA,NA
"Rockland Mine, Shaft 3","Copper","NA","8","12","3",1,NA,NA,NA,NA,NA,NA,NA,NA,NA,NA,NA,NA,NA,NA,NA,NA,NA,NA,NA,NA,3263,NA,NA,NA,NA,NA,NA,NA,NA,NA,NA,NA
"Rockport Quarry North Tunnel","Concrete","145","2","4",NA,NA,NA,NA,NA,NA,NA,NA,NA,NA,NA,NA,NA,NA,NA,NA,NA,NA,57,97,98,NA,31,NA,1,NA,2,NA,NA,NA,NA,NA,NA,NA
"Rockport Quarry South Tunnel","Concrete","145","4","4",NA,NA,NA,NA,NA,NA,NA,NA,NA,NA,NA,NA,NA,NA,NA,NA,NA,NA,0,0,0,1,0,NA,NA,NA,0,NA,NA,NA,NA,NA,NA,NA
"Scott Falls Cave","Sandstone","70","15","25",NA,NA,NA,NA,NA,NA,NA,NA,NA,NA,NA,NA,NA,NA,NA,NA,NA,NA,NA,NA,0,NA,NA,NA,NA,NA,0,0,NA,NA,NA,NA,NA,NA
"Scott's Cave","Limestone",NA,"8.5","17.5",NA,NA,NA,NA,NA,NA,NA,NA,NA,NA,NA,NA,NA,NA,NA,NA,NA,NA,0,NA,NA,NA,NA,NA,NA,NA,NA,NA,NA,NA,NA,NA,NA,NA
"Seneca Mine #3","Copper","NA","8","20","2",1,NA,NA,NA,NA,NA,NA,NA,NA,NA,NA,NA,NA,NA,NA,NA,NA,NA,NA,NA,NA,3201,NA,NA,NA,NA,NA,NA,NA,NA,NA,NA,NA
"Silas Doty Cave","Tufa",NA,"2.5","3",NA,NA,NA,NA,NA,NA,NA,NA,NA,NA,NA,NA,NA,NA,NA,0,NA,NA,NA,0,NA,NA,NA,NA,NA,NA,NA,NA,NA,NA,NA,NA,NA,NA
"Silver Mountain Mine","Copper",NA,"5","5","1",0,NA,NA,NA,NA,NA,1036,NA,NA,NA,1131,NA,NA,NA,NA,NA,1401,1524,NA,NA,1280,1572,1340,247,269,NA,111,NA,NA,NA,NA,NA,NA
"Skull Cave","Limestone",NA,"3.5","13.5","1",0,NA,NA,NA,NA,NA,NA,NA,NA,NA,NA,NA,NA,NA,NA,NA,NA,0,NA,NA,NA,NA,NA,NA,NA,NA,NA,NA,NA,NA,NA,NA,NA
"South Belt Mine","Copper",NA,"6","12","1",2,NA,NA,NA,NA,NA,1290,NA,NA,NA,2028,NA,NA,NA,NA,NA,1461,NA,1285,NA,NA,NA,NA,NA,NA,NA,NA,NA,NA,NA,NA,NA,NA
"South Bluff Adit","Copper","55","5","6","1",0,NA,NA,NA,NA,NA,NA,234,NA,NA,NA,NA,NA,NA,NA,NA,NA,113,140,105,NA,NA,98,NA,9,13,NA,NA,NA,NA,NA,NA,NA
"South Bluff East Adit","Copper","57.5","2","5","1",0,NA,NA,NA,NA,NA,NA,NA,NA,NA,NA,NA,NA,NA,2381,NA,2063,NA,1996,NA,NA,NA,1317,115,NA,50,NA,NA,NA,NA,NA,NA,NA
"South Lake Mine","Copper","345",NA,NA,"2",2,NA,NA,NA,NA,NA,1568,NA,NA,NA,NA,1831,NA,NA,NA,NA,1536,NA,2520,NA,2982,NA,2782,NA,1798,NA,1325,1312,691,719,844,882,NA
"Spider Cave","Dolomite",NA,NA,NA,"1",0,NA,NA,NA,NA,NA,NA,NA,NA,NA,NA,NA,NA,NA,NA,NA,NA,NA,NA,NA,NA,NA,NA,NA,0,0,NA,NA,NA,NA,NA,NA,NA
"Stair Cave","Limestone",NA,"4","12",NA,NA,NA,NA,NA,NA,NA,NA,NA,NA,NA,NA,NA,NA,NA,NA,NA,NA,0,NA,NA,NA,NA,NA,NA,NA,NA,NA,NA,NA,NA,NA,NA,NA
"Sugarloaf Cave","Limestone",NA,"5.5","3.5",NA,NA,NA,NA,NA,NA,NA,NA,NA,NA,NA,NA,NA,NA,NA,NA,NA,NA,0,NA,NA,NA,NA,NA,NA,NA,NA,NA,NA,NA,NA,NA,NA,NA
"Sunday Lake Mine, Shaft #6","Iron",NA,"0.5","4","?",0,NA,NA,NA,NA,NA,NA,NA,NA,NA,NA,NA,NA,NA,NA,NA,NA,NA,NA,NA,NA,NA,NA,NA,NA,NA,NA,NA,NA,NA,NA,NA,NA
"Taylor Adit","Iron","135","1.5","2","1",0,NA,NA,NA,NA,NA,NA,NA,NA,NA,NA,NA,NA,NA,NA,NA,NA,250,NA,229,200,285,NA,NA,NA,NA,NA,20,19,27,34,NA,144
"The Norwich (Norwich B)","Copper",NA,NA,NA,"?",1,NA,NA,NA,NA,NA,NA,NA,NA,NA,NA,NA,NA,NA,NA,NA,NA,NA,NA,NA,0,NA,NA,NA,NA,NA,NA,NA,NA,NA,NA,NA,NA
"Tilden Mine","Iron","NA","15","30","1",1,NA,NA,NA,NA,NA,NA,NA,NA,NA,NA,NA,NA,NA,NA,NA,NA,NA,NA,NA,NA,NA,NA,NA,NA,NA,NA,NA,NA,NA,NA,NA,NA
"Tippy Dam","Concrete","NA",NA,NA,"NA",NA,NA,NA,NA,NA,NA,NA,NA,NA,NA,NA,NA,NA,NA,NA,NA,NA,17542,NA,24350,20101,NA,21371,NA,27415,23516,24121,NA,NA,NA,NA,NA,NA
"Toltec Mine","Copper","0","12","8","1",1,NA,NA,NA,NA,NA,NA,NA,450,NA,NA,NA,NA,NA,NA,NA,NA,836,NA,NA,NA,NA,NA,NA,NA,79,NA,NA,NA,NA,NA,NA,NA
"Tracy MineService Tunnels","Concrete",NA,NA,NA,"2",0,NA,NA,NA,NA,NA,NA,NA,NA,NA,NA,NA,NA,NA,NA,NA,NA,NA,2,NA,NA,NA,NA,NA,NA,NA,NA,NA,NA,NA,NA,NA,NA
"Trader's Mine","Iron","225","5","10","1",0,NA,NA,NA,NA,NA,NA,NA,NA,NA,NA,NA,NA,NA,NA,NA,NA,NA,NA,NA,NA,636,NA,NA,NA,NA,NA,NA,NA,NA,NA,NA,NA
"Union Mine","Copper",NA,NA,NA,"0",0,NA,NA,NA,NA,NA,NA,NA,NA,NA,NA,NA,NA,NA,NA,NA,NA,NA,NA,NA,NA,NA,NA,NA,NA,NA,NA,NA,NA,NA,NA,NA,NA
"Unknown Keweenaw",NA,NA,NA,NA,NA,NA,NA,NA,NA,NA,NA,NA,NA,NA,NA,NA,NA,NA,NA,NA,NA,NA,NA,NA,NA,NA,NA,NA,NA,NA,NA,NA,NA,NA,NA,NA,205,NA
"Unknown working","Copper",NA,"15","15","0",1,NA,NA,NA,NA,NA,NA,NA,NA,NA,NA,NA,NA,0,NA,NA,NA,NA,NA,NA,NA,NA,NA,NA,NA,NA,NA,NA,NA,NA,NA,NA,NA
"Vivian Adit","Iron","10","5","7","1",0,NA,NA,NA,NA,NA,NA,NA,NA,NA,NA,NA,NA,NA,NA,NA,NA,NA,NA,NA,NA,0,NA,NA,NA,0,NA,NA,NA,NA,NA,NA,NA
"Vulcan Adit","Iron",NA,NA,NA,"?",0,NA,NA,NA,NA,NA,NA,NA,NA,NA,NA,NA,NA,NA,NA,NA,NA,NA,NA,NA,NA,NA,NA,NA,NA,NA,NA,NA,NA,NA,NA,NA,NA
"Wakefield Water Tunnel",NA,NA,NA,NA,"0",NA,NA,NA,NA,NA,NA,NA,NA,NA,NA,NA,NA,NA,NA,NA,NA,NA,NA,NA,NA,NA,NA,NA,NA,NA,NA,NA,NA,NA,NA,NA,NA,NA
"Washburn Mine","Gold?","120","6","3","1",0,NA,NA,NA,NA,NA,NA,NA,NA,NA,NA,NA,NA,NA,74,NA,NA,NA,35,NA,NA,NA,NA,NA,NA,25,21,NA,NA,NA,NA,NA,NA
"West Evergreen Adit","Copper","315","5","5","1",0,NA,NA,NA,NA,NA,NA,NA,NA,NA,NA,NA,NA,NA,NA,NA,NA,NA,0,NA,NA,NA,NA,NA,NA,NA,NA,NA,NA,NA,NA,NA,NA
"West Evergreen Bluff Mine","Copper","NA","2","2","4",1,NA,NA,NA,NA,NA,NA,4519,NA,NA,NA,NA,NA,6585,NA,NA,NA,NA,5619,NA,NA,NA,3092,NA,NA,788,NA,NA,NA,NA,NA,NA,NA
"West Vein Adit (Robin's Ore)","Copper","16","3","4","1",0,NA,NA,NA,NA,NA,NA,NA,NA,NA,NA,NA,NA,NA,NA,NA,NA,NA,NA,NA,NA,NA,NA,NA,NA,NA,NA,185,NA,NA,NA,NA,NA
"White Pine Mine","Copper","NA",NA,NA,"1",1,NA,NA,NA,NA,NA,NA,NA,NA,NA,NA,NA,NA,NA,NA,NA,NA,NA,2,NA,NA,NA,0,NA,NA,NA,NA,NA,NA,NA,NA,NA,NA
"Windsor Shaft #3","Copper","180","7","7","4",1,NA,NA,NA,NA,NA,NA,NA,NA,NA,NA,NA,NA,NA,NA,NA,NA,3285,NA,NA,2646,1884,2892,3046,1638,NA,1746,NA,NA,NA,1982,NA,2450
"Young's Adit","Copper","180","6","3","1",NA,NA,NA,NA,NA,NA,NA,NA,NA,NA,NA,NA,NA,NA,NA,NA,NA,265,NA,203,NA,182,219,205,50,NA,22,NA,NA,29,29,NA,NA
NA,NA,NA,NA,NA,NA,NA,NA,NA,NA,NA,NA,NA,NA,NA,NA,NA,NA,NA,NA,NA,NA,NA,NA,NA,NA,NA,NA,NA,NA,NA,NA,NA,NA,NA,NA,NA,15,NA
